case,server_round,n,wall_clock_mean_min,wall_clock_std_min,eval_acc_mean_pct,eval_acc_std_pct
A,0,3,6.514726777683333,0.14100243941383858,11.316666666666668,2.2035501658308876
A,1,3,15.03291666158889,3.8980533052200026,25.526666666666667,3.415323313148163
A,2,3,16.282892786194445,3.8992974043905932,36.32,4.9107942331154515
A,3,3,17.532100562183334,3.900630681380631,40.093333333333334,5.275000789889354
A,4,3,18.782268566033334,3.902583837354881,44.07333333333333,6.052985489271665
A,5,3,20.031781452294442,3.9042108836288008,46.82,5.951882055283022
A,6,3,21.281585802416668,3.9064741705226727,49.03,5.736575633598846
A,7,3,22.531092989144444,3.907591237725582,51.01666666666667,5.269386428544912
A,8,3,23.780337794494443,3.9088673727334475,52.78333333333333,4.767078070824238
A,9,3,25.035163124455554,3.907434277963553,54.36333333333334,4.506155049854962
A,10,3,26.284360978383337,3.908880750426037,55.64333333333334,4.495401353976452
A,11,3,27.534259082055556,3.9102169219587557,57.02,4.231630891275844
A,12,3,28.796076128772224,3.8979234673360734,58.14666666666667,3.9908186294710677
A,13,3,30.03446175557778,3.9059884104346176,59.086666666666666,3.7009368183384774
A,14,3,31.284135075727775,3.9081488892196727,60.07333333333333,3.604806975877253
A,15,3,32.539023677505554,3.9189405256776517,60.85666666666666,3.4915946691065614
A,16,3,33.78853412816667,3.9198309143067016,61.61000000000001,3.3915925462826464
A,17,3,35.037429360138894,3.9216831400504644,62.23333333333333,3.2359594146610235
A,18,3,36.29792131937222,3.92941346050592,62.68333333333334,3.125897204537177
A,19,3,37.55199161553889,3.924113612997173,63.16,2.9037734071376873
A,20,3,38.80034164258889,3.9251616764737123,63.593333333333334,2.6934426545470247
B,0,3,6.1063055953722225,2.8683977072016433,11.316666666666668,2.2035501658308876
B,1,3,16.60684041797778,7.041246760668487,22.78,1.410779926140147
B,2,3,22.97553794838889,7.111769829937149,35.07,0.5892367945062491
B,3,3,29.315794206583334,7.161692754570505,43.97,2.961553646314714
B,4,3,35.707543622383334,7.229158267332383,50.13333333333333,2.691957156667492
B,5,3,42.10684606045,7.317611403377432,54.43666666666667,2.457078210666755
B,6,3,48.45971342909445,7.351288797651822,57.48333333333333,2.2883691427156916
B,7,3,54.84916920775,7.4367782965885265,60.276666666666664,2.140942160202688
B,8,3,61.19573041252222,7.451231447237793,62.43,2.0511703976023026
B,9,3,67.57490604323333,7.493504291448101,64.15666666666667,1.9445393627626415
B,10,3,73.9497354455,7.575602069539952,65.68333333333334,1.817810037746883
B,11,3,80.29427099380557,7.681034367453203,66.87,1.5769273921141735
B,12,3,86.67848734311667,7.772368020173332,67.90666666666665,1.4306059322305829
B,13,3,93.01947877787778,7.8471618787508035,68.86333333333333,1.3712160053519384
B,14,3,99.35432301617222,7.930302980289286,69.67333333333333,1.2567550808862242
B,15,3,105.68792398800001,8.020623736336526,70.31,1.2238872497088902
B,16,3,112.05281200143334,8.105200679681857,70.92999999999999,1.214454610102824
B,17,3,118.42626089075556,8.243070271399532,71.58666666666666,1.0404005638855311
B,18,3,124.78408647765555,8.325852453525918,72.16333333333334,1.0858330135584107
B,19,3,131.15200444876112,8.385222279301606,72.52666666666666,0.8696167738339321
B,20,3,137.5019175665111,8.515945626332703,73.12,0.9501578816175791
C,0,3,7.055148056061111,6.69044010568058,9.593333333333334,1.4690926905179724
C,1,3,18.974517968327778,14.938946318520728,28.963333333333335,3.665328543709734
C,2,3,20.91629221538889,14.927488095511716,38.62,3.8271268596690153
C,3,3,22.85730701449445,14.95922646352754,43.65,3.890334175877438
C,4,3,24.80986899412778,14.966654149919576,47.61333333333334,3.6400595233228437
C,5,3,26.76379533841111,14.992027336070775,51.173333333333325,3.051627980821604
C,6,3,28.709034109527778,14.98927248194171,53.596666666666664,3.120518119372694
C,7,3,30.688345710205557,15.004694293284054,55.59333333333333,2.9319333780516423
C,8,3,32.62335336628889,15.028684309470867,57.196666666666665,2.705186376820145
C,9,3,34.57730204608333,15.039350925006957,58.43666666666667,2.7829899987842834
C,10,3,36.53598869188889,15.057668163369526,59.42333333333334,2.9619306766589473
C,11,3,38.47286007585,15.080223954914885,60.34,3.093493171157814
C,12,3,40.41921826008333,15.07779973016338,61.02333333333334,2.8863875923606206
C,13,3,42.36762619421666,15.090961256002437,61.693333333333335,2.8841000907273218
C,14,3,44.31371581999445,15.103714472766084,62.22333333333333,2.764820669290024
C,15,3,46.29000340641111,15.110048567793081,62.68666666666667,2.586393885960399
C,16,3,48.23772538045555,15.124595094549154,62.97,2.503417663914672
C,17,3,50.17293999416111,15.147360978165947,63.26333333333334,2.4804099123599146
C,18,3,52.1021864773611,15.175154046755416,63.64666666666667,2.462870953447082
C,19,3,54.04916516480555,15.188829594625236,63.89666666666667,2.368572002986893
C,20,3,56.00283580464444,15.216800155572122,64.29666666666667,2.3459823812921816
D,0,3,10.787866784822222,8.359502395406873,8.84,0.22649503305812224
D,1,3,23.34640568025,17.11386645053523,27.836666666666662,2.3268934941963577
D,2,3,25.297604057333334,17.14961852442076,38.54,4.295486002770815
D,3,3,27.248774203683336,17.182054616124734,42.56,3.919910713268865
D,4,3,29.19686484279444,17.193107702170995,46.416666666666664,3.9710997637094616
D,5,3,31.1557508131,17.21918196895883,49.75666666666666,3.8137951352076214
D,6,3,33.081088306472225,17.252630967981144,51.919999999999995,3.58104733283435
D,7,3,35.038600891866665,17.275331722724847,53.85333333333333,3.6113755458735284
D,8,3,36.98492244043333,17.304692041160475,55.126666666666665,3.4590509295662755
D,9,3,38.94301579938333,17.32795519877742,56.163333333333334,2.7027640173225134
D,10,3,40.89486915777223,17.363118076015354,57.169999999999995,2.9216262594657767
D,11,3,42.84116162362778,17.407868856785548,57.94333333333333,3.249866663931509
D,12,3,44.77281943206111,17.408247276532204,59.160000000000004,3.3054954242896772
D,13,3,46.70371556641667,17.428484041494233,59.82,3.650739651084422
D,14,3,48.65635116504445,17.463874696224586,60.07333333333333,3.5727627031938924
D,15,3,50.60911365605556,17.480384490576128,60.68333333333333,3.7937097059914
D,16,3,52.552444744461106,17.516302263266596,60.593333333333334,4.061580152272426
D,17,3,54.49935796870556,17.54510991650202,61.15,3.934933290412936
D,18,3,56.45651237504444,17.573702307440072,62.38333333333333,3.24509373259592
D,19,3,58.41400886412222,17.60415654887705,62.65666666666666,3.4144008747265318
D,20,3,60.36066529595001,17.63224735967875,62.74333333333334,2.8698664312705056
E,0,3,5.644147722361112,3.914765145136767,9.88,0.8098765338000604
E,1,3,21.748294160272224,11.640987986104232,27.560000000000002,2.9398129192178186
E,2,3,28.712176855438887,11.780077646030918,41.07666666666667,1.7911541902732262
E,3,3,35.68515023636667,11.954894440414025,45.54333333333333,4.695714358149708
E,4,3,42.6534924579,12.126684808858037,50.76333333333334,2.9940663541968
E,5,3,49.62252697816666,12.308593790310107,53.776666666666664,3.196393801353854
E,6,3,56.63212827237778,12.488783694665946,56.44333333333333,2.618020880996436
E,7,3,63.6046622785,12.609866857386177,58.406666666666666,2.3812251748487223
E,8,3,70.5733887165889,12.822832019998526,59.95333333333334,2.042604546487974
E,9,3,77.54490902628334,12.945573370966326,61.01,2.1134568838753207
E,10,3,84.52785328881112,13.119971499398252,62.14333333333334,1.9581709152505915
E,11,3,91.49208976117778,13.285806453980449,63.0,2.101927686672406
E,12,3,98.48355588488887,13.513626218379436,64.0,1.8907405956397085
E,13,3,105.49280471787779,13.714967723147241,64.65333333333334,1.8503062809527897
E,14,3,112.43911262810555,13.848509715189127,65.13333333333334,1.7973684467391065
E,15,3,119.43601969497222,14.00566212563328,65.70333333333333,1.908149190533412
E,16,3,126.42614011623334,14.189599717013452,66.2,2.0347235684485514
E,17,3,133.40775016141666,14.380961880138273,66.64333333333333,1.9322094434437838
E,18,3,140.4028597531111,14.530905460679005,67.17333333333333,1.9016396433954943
E,19,3,147.40510151836668,14.709224731500141,67.37333333333333,1.9589367864566989
E,20,3,154.35337035811668,14.898941827110566,67.82666666666667,1.7108574848108626
