run_id,regime,method,seed,server_round,device_type,model_rate,group_label,mean_train_duration_s,std_train_duration_s,num_clients
b2jm399x,noniid,fiarse,1340,1,rpi4,0.125,rpi4 1/8,276.19095936533995,136.20206599361236,3
b2jm399x,noniid,fiarse,1340,1,rpi4,0.25,rpi4 1/4,244.2734880830394,33.511775303725706,2
b2jm399x,noniid,fiarse,1340,1,rpi5,0.5,rpi5 1/2,55.69859867799096,31.655817641996446,3
b2jm399x,noniid,fiarse,1340,1,rpi5,1.0,rpi5 1,65.77607481100131,0.5137891200585266,2
b2jm399x,noniid,fiarse,1340,2,rpi4,0.125,rpi4 1/8,256.65920953561243,172.1613950941387,3
b2jm399x,noniid,fiarse,1340,2,rpi4,0.25,rpi4 1/4,167.26267954668342,115.85543847736714,3
b2jm399x,noniid,fiarse,1340,2,rpi5,0.5,rpi5 1/2,52.61758565856144,9.888317745827447,2
b2jm399x,noniid,fiarse,1340,2,rpi5,1.0,rpi5 1,83.44931850605644,33.56391828707432,2
b2jm399x,noniid,fiarse,1340,3,rpi4,0.125,rpi4 1/8,285.87118499650387,133.7692340391818,4
b2jm399x,noniid,fiarse,1340,3,rpi4,0.25,rpi4 1/4,144.79255744667412,116.63562388550758,3
b2jm399x,noniid,fiarse,1340,3,rpi5,1.0,rpi5 1,46.50844037462957,3.69165305700193,3
b2jm399x,noniid,fiarse,1340,4,rpi4,0.125,rpi4 1/8,288.28595337143634,79.62851118345458,2
b2jm399x,noniid,fiarse,1340,4,rpi4,0.25,rpi4 1/4,125.61835387535393,94.89525176159277,3
b2jm399x,noniid,fiarse,1340,4,rpi5,0.5,rpi5 1/2,63.10634797299281,21.14931840264976,2
b2jm399x,noniid,fiarse,1340,4,rpi5,1.0,rpi5 1,47.19014122337103,28.966228918690433,3
b2jm399x,noniid,fiarse,1340,5,rpi4,0.125,rpi4 1/8,203.53897321538534,40.77631866457599,2
b2jm399x,noniid,fiarse,1340,5,rpi4,0.25,rpi4 1/4,171.091534421721,115.8146695038723,4
b2jm399x,noniid,fiarse,1340,5,rpi5,0.5,rpi5 1/2,43.834441418992355,3.756736027782635,3
b2jm399x,noniid,fiarse,1340,5,rpi5,1.0,rpi5 1,24.11257187416777,0.0,1
b2jm399x,noniid,fiarse,1340,6,rpi4,0.125,rpi4 1/8,235.28470418055076,107.52397183223235,4
b2jm399x,noniid,fiarse,1340,6,rpi4,0.25,rpi4 1/4,162.94228790618945,99.23784749603969,4
b2jm399x,noniid,fiarse,1340,6,rpi5,0.5,rpi5 1/2,22.947813594015315,0.0,1
b2jm399x,noniid,fiarse,1340,6,rpi5,1.0,rpi5 1,91.68832085211761,0.0,1
b2jm399x,noniid,fiarse,1340,7,rpi4,0.125,rpi4 1/8,237.7381227289637,199.8571288568136,3
b2jm399x,noniid,fiarse,1340,7,rpi4,0.25,rpi4 1/4,182.88609525266415,8.587622362546469,3
b2jm399x,noniid,fiarse,1340,7,rpi5,0.5,rpi5 1/2,15.352549439994618,0.0,1
b2jm399x,noniid,fiarse,1340,7,rpi5,1.0,rpi5 1,30.31297321904761,17.79762702860415,3
b2jm399x,noniid,fiarse,1340,8,rpi4,0.125,rpi4 1/8,186.46874218457378,44.20442365717711,2
b2jm399x,noniid,fiarse,1340,8,rpi4,0.25,rpi4 1/4,152.67352161897966,110.9436041707379,3
b2jm399x,noniid,fiarse,1340,8,rpi5,0.5,rpi5 1/2,38.41032982501201,20.89413642753777,2
b2jm399x,noniid,fiarse,1340,8,rpi5,1.0,rpi5 1,46.904789525006585,11.104041898883894,3
b2jm399x,noniid,fiarse,1340,9,rpi4,0.125,rpi4 1/8,136.53084632195532,53.499529835533885,2
b2jm399x,noniid,fiarse,1340,9,rpi4,0.25,rpi4 1/4,172.04043275665026,0.25101356997011093,2
b2jm399x,noniid,fiarse,1340,9,rpi5,0.5,rpi5 1/2,28.98632874592052,17.58886273065319,3
b2jm399x,noniid,fiarse,1340,9,rpi5,1.0,rpi5 1,41.905235584359616,10.902463994150851,3
b2jm399x,noniid,fiarse,1340,10,rpi4,0.125,rpi4 1/8,171.20560815895442,0.14326919883728415,2
b2jm399x,noniid,fiarse,1340,10,rpi4,0.25,rpi4 1/4,170.9609162794659,0.5961311298810381,2
b2jm399x,noniid,fiarse,1340,10,rpi5,0.5,rpi5 1/2,19.142214808962308,5.519560914669654,2
b2jm399x,noniid,fiarse,1340,10,rpi5,1.0,rpi5 1,34.556696932704654,16.905209074477153,4
b2jm399x,noniid,fiarse,1340,11,rpi4,0.125,rpi4 1/8,189.0147501763422,32.304934758419954,3
b2jm399x,noniid,fiarse,1340,11,rpi4,0.25,rpi4 1/4,170.80065730796196,0.0,1
b2jm399x,noniid,fiarse,1340,11,rpi5,0.5,rpi5 1/2,27.44940058332092,17.984754208437504,3
b2jm399x,noniid,fiarse,1340,11,rpi5,1.0,rpi5 1,42.08844867791049,11.117931727685397,3
b2jm399x,noniid,fiarse,1340,12,rpi4,0.125,rpi4 1/8,179.51127836690284,42.89692774161057,3
b2jm399x,noniid,fiarse,1340,12,rpi4,0.25,rpi4 1/4,120.6491928967492,90.68772810805774,3
b2jm399x,noniid,fiarse,1340,12,rpi5,0.5,rpi5 1/2,19.1058400819893,5.259657211573054,2
b2jm399x,noniid,fiarse,1340,12,rpi5,1.0,rpi5 1,48.191811555065215,0.05569974288819973,2
b2jm399x,noniid,fiarse,1340,13,rpi4,0.125,rpi4 1/8,165.72411923568384,64.3304374048032,3
b2jm399x,noniid,fiarse,1340,13,rpi4,0.25,rpi4 1/4,172.05813518248033,0.7309743694535141,2
b2jm399x,noniid,fiarse,1340,13,rpi5,0.5,rpi5 1/2,29.937121525018785,16.029196840581957,3
b2jm399x,noniid,fiarse,1340,13,rpi5,1.0,rpi5 1,30.48480680445209,24.934685806471613,2
b2jm399x,noniid,fiarse,1340,14,rpi4,0.125,rpi4 1/8,167.52756496152142,51.73007998862812,4
b2jm399x,noniid,fiarse,1340,14,rpi4,0.25,rpi4 1/4,93.41898941039108,109.57311920482867,2
b2jm399x,noniid,fiarse,1340,14,rpi5,0.5,rpi5 1/2,38.29461436035732,16.864126083954904,3
b2jm399x,noniid,fiarse,1340,14,rpi5,1.0,rpi5 1,47.94542962592095,0.0,1
b2jm399x,noniid,fiarse,1340,15,rpi4,0.125,rpi4 1/8,178.5888360053068,34.53262124656705,4
b2jm399x,noniid,fiarse,1340,15,rpi4,0.25,rpi4 1/4,15.988055492052808,0.0,1
b2jm399x,noniid,fiarse,1340,15,rpi5,0.5,rpi5 1/2,39.571181712439284,14.499304837786717,3
b2jm399x,noniid,fiarse,1340,15,rpi5,1.0,rpi5 1,48.25094469951,0.3482404117181872,2
b2jm399x,noniid,fiarse,1340,16,rpi4,0.125,rpi4 1/8,163.2692462723935,90.49698526874376,2
b2jm399x,noniid,fiarse,1340,16,rpi4,0.25,rpi4 1/4,120.43267542224687,90.42207256183266,3
b2jm399x,noniid,fiarse,1340,16,rpi5,0.5,rpi5 1/2,33.421709915972315,20.736915430865636,2
b2jm399x,noniid,fiarse,1340,16,rpi5,1.0,rpi5 1,41.71615922971008,10.918081255118912,3
b2jm399x,noniid,fiarse,1340,17,rpi4,0.125,rpi4 1/8,155.94519929758584,64.46827960446218,3
b2jm399x,noniid,fiarse,1340,17,rpi4,0.25,rpi4 1/4,93.50526892603375,109.55694578832764,2
b2jm399x,noniid,fiarse,1340,17,rpi5,0.5,rpi5 1/2,39.71920613098579,14.518112486658596,3
b2jm399x,noniid,fiarse,1340,17,rpi5,1.0,rpi5 1,38.67614807910286,13.010220524926353,2
b2jm399x,noniid,fiarse,1340,18,rpi4,0.125,rpi4 1/8,171.27194521808997,0.0,1
b2jm399x,noniid,fiarse,1340,18,rpi4,0.25,rpi4 1/4,119.14171186260258,89.36682295818879,3
b2jm399x,noniid,fiarse,1340,18,rpi5,0.5,rpi5 1/2,29.83529603962476,15.856683258532609,3
b2jm399x,noniid,fiarse,1340,18,rpi5,1.0,rpi5 1,41.794265675125644,10.81202975556561,3
b2jm399x,noniid,fiarse,1340,19,rpi4,0.125,rpi4 1/8,161.96559127101986,16.222897108809548,3
b2jm399x,noniid,fiarse,1340,19,rpi4,0.25,rpi4 1/4,119.84760893664013,90.06678423032524,3
b2jm399x,noniid,fiarse,1340,19,rpi5,0.5,rpi5 1/2,23.075148985954,0.0,1
b2jm399x,noniid,fiarse,1340,19,rpi5,1.0,rpi5 1,36.21825154405087,20.259773368097832,3
b2jm399x,noniid,fiarse,1340,20,rpi4,0.125,rpi4 1/8,166.29982886641906,63.98714228336225,3
b2jm399x,noniid,fiarse,1340,20,rpi4,0.25,rpi4 1/4,173.31929163914174,0.0,1
b2jm399x,noniid,fiarse,1340,20,rpi5,0.5,rpi5 1/2,35.29208246455528,17.883388595566025,2
b2jm399x,noniid,fiarse,1340,20,rpi5,1.0,rpi5 1,34.471293727343436,16.958835339359407,4
b2jm399x,noniid,fiarse,1340,21,rpi4,0.125,rpi4 1/8,99.55386778898537,0.0,1
b2jm399x,noniid,fiarse,1340,21,rpi4,0.25,rpi4 1/4,140.70637011295184,69.73730040392257,5
b2jm399x,noniid,fiarse,1340,21,rpi5,0.5,rpi5 1/2,28.690500182604108,16.94058857301681,3
b2jm399x,noniid,fiarse,1340,21,rpi5,1.0,rpi5 1,29.23890163190663,0.0,1
b2jm399x,noniid,fiarse,1340,22,rpi4,0.125,rpi4 1/8,138.19228770731328,36.34045693149961,3
b2jm399x,noniid,fiarse,1340,22,rpi4,0.25,rpi4 1/4,93.70339654316194,109.92088881764512,2
b2jm399x,noniid,fiarse,1340,22,rpi5,0.5,rpi5 1/2,19.11520560446661,3.7392196061202547,3
b2jm399x,noniid,fiarse,1340,22,rpi5,1.0,rpi5 1,21.02719318808522,11.545337544981146,2
b2jm399x,noniid,fiarse,1340,23,rpi4,0.125,rpi4 1/8,142.91674191202037,0.0,1
b2jm399x,noniid,fiarse,1340,23,rpi4,0.25,rpi4 1/4,171.77801098569762,1.4187873930093926,4
b2jm399x,noniid,fiarse,1340,23,rpi5,0.5,rpi5 1/2,48.09082588297315,0.375201375834145,2
b2jm399x,noniid,fiarse,1340,23,rpi5,1.0,rpi5 1,47.961165575000145,0.41519463906220333,3
b2jm399x,noniid,fiarse,1340,24,rpi4,0.125,rpi4 1/8,243.18537620726661,111.51690798463973,3
b2jm399x,noniid,fiarse,1340,24,rpi4,0.25,rpi4 1/4,126.21829708836351,95.68819841947608,3
b2jm399x,noniid,fiarse,1340,24,rpi5,0.5,rpi5 1/2,15.300568934995681,0.0,1
b2jm399x,noniid,fiarse,1340,24,rpi5,1.0,rpi5 1,36.423136725944154,20.519473365630063,3
b2jm399x,noniid,fiarse,1340,25,rpi4,0.125,rpi4 1/8,316.4213113352501,183.98362731613548,3
b2jm399x,noniid,fiarse,1340,25,rpi4,0.25,rpi4 1/4,149.12651103676762,94.59242541528326,4
b2jm399x,noniid,fiarse,1340,25,rpi5,0.5,rpi5 1/2,19.939606666506734,3.0784226263129457,2
b2jm399x,noniid,fiarse,1340,25,rpi5,1.0,rpi5 1,72.59205144806765,0.0,1
b2jm399x,noniid,fiarse,1340,26,rpi4,0.125,rpi4 1/8,208.52972170361318,97.66827574329977,3
b2jm399x,noniid,fiarse,1340,26,rpi4,0.25,rpi4 1/4,217.07689220202155,40.275123921679196,3
b2jm399x,noniid,fiarse,1340,26,rpi5,0.5,rpi5 1/2,35.78189372445922,17.995211019204966,2
b2jm399x,noniid,fiarse,1340,26,rpi5,1.0,rpi5 1,38.63990613340866,13.241269946059322,2
b2jm399x,noniid,fiarse,1340,27,rpi4,0.125,rpi4 1/8,204.96310251398245,85.5957277490095,4
b2jm399x,noniid,fiarse,1340,27,rpi4,0.25,rpi4 1/4,222.36252688849345,72.96277503798484,2
b2jm399x,noniid,fiarse,1340,27,rpi5,0.5,rpi5 1/2,17.08470618753927,2.5048440498478652,2
b2jm399x,noniid,fiarse,1340,27,rpi5,1.0,rpi5 1,21.141107203089632,11.686841472624026,2
b2jm399x,noniid,fiarse,1340,28,rpi4,0.125,rpi4 1/8,215.91426991845947,62.119145772938715,2
b2jm399x,noniid,fiarse,1340,28,rpi4,0.25,rpi4 1/4,125.66513894090895,155.06926082929982,2
b2jm399x,noniid,fiarse,1340,28,rpi5,0.5,rpi5 1/2,52.93792336170251,17.16909246825053,3
b2jm399x,noniid,fiarse,1340,28,rpi5,1.0,rpi5 1,70.36715710869369,0.34581413153995527,3
b2jm399x,noniid,fiarse,1340,29,rpi4,0.125,rpi4 1/8,173.7364786050748,1.3441144708511545,2
b2jm399x,noniid,fiarse,1340,29,rpi4,0.25,rpi4 1/4,119.784935891085,89.84001292625562,3
b2jm399x,noniid,fiarse,1340,29,rpi5,0.5,rpi5 1/2,27.38934876769781,17.923169634493142,3
b2jm399x,noniid,fiarse,1340,29,rpi5,1.0,rpi5 1,38.58605608646758,13.204186012585854,2
b2jm399x,noniid,fiarse,1340,30,rpi4,0.125,rpi4 1/8,190.4775488260202,30.804435558153543,3
b2jm399x,noniid,fiarse,1340,30,rpi4,0.25,rpi4 1/4,119.26338087930344,89.49297956510762,3
b2jm399x,noniid,fiarse,1340,30,rpi5,1.0,rpi5 1,43.34861566981999,9.254531596245473,4
b2jm399x,noniid,fiarse,1340,31,rpi4,0.125,rpi4 1/8,156.38078091596253,20.810404482810725,2
b2jm399x,noniid,fiarse,1340,31,rpi4,0.25,rpi4 1/4,119.52201867002684,89.76837003453768,3
b2jm399x,noniid,fiarse,1340,31,rpi5,0.5,rpi5 1/2,17.089620165061206,2.3766027631727162,2
b2jm399x,noniid,fiarse,1340,31,rpi5,1.0,rpi5 1,48.4173122086407,0.11753310483062197,3
b2jm399x,noniid,fiarse,1340,32,rpi4,0.125,rpi4 1/8,156.85438516305294,21.1748643334129,2
b2jm399x,noniid,fiarse,1340,32,rpi4,0.25,rpi4 1/4,94.68000535201281,111.31752824362923,2
b2jm399x,noniid,fiarse,1340,32,rpi5,0.5,rpi5 1/2,27.370541505011108,17.874169829796614,3
b2jm399x,noniid,fiarse,1340,32,rpi5,1.0,rpi5 1,36.29749714753901,20.471545577775707,3
b2jm399x,noniid,fiarse,1340,33,rpi4,0.125,rpi4 1/8,184.61887970054522,59.195855926075005,2
b2jm399x,noniid,fiarse,1340,33,rpi4,0.25,rpi4 1/4,138.8330076027196,82.67785672982056,4
b2jm399x,noniid,fiarse,1340,33,rpi5,0.5,rpi5 1/2,35.41894156252965,17.603896634334312,2
b2jm399x,noniid,fiarse,1340,33,rpi5,1.0,rpi5 1,38.82182392850518,13.45104435225551,2
b2jm399x,noniid,fiarse,1340,34,rpi4,0.125,rpi4 1/8,171.62127711658832,1.2262386893019506,2
b2jm399x,noniid,fiarse,1340,34,rpi4,0.25,rpi4 1/4,120.3127819862372,90.46039488733507,3
b2jm399x,noniid,fiarse,1340,34,rpi5,0.5,rpi5 1/2,27.471910715685226,18.189526333213013,3
b2jm399x,noniid,fiarse,1340,34,rpi5,1.0,rpi5 1,38.96064724447206,13.460019487425955,2
b2jm399x,noniid,fiarse,1340,35,rpi4,0.125,rpi4 1/8,160.40242590673734,53.28448284504441,4
b2jm399x,noniid,fiarse,1340,35,rpi5,0.5,rpi5 1/2,34.50023099518148,15.751271545347606,4
b2jm399x,noniid,fiarse,1340,35,rpi5,1.0,rpi5 1,30.513418448506854,25.047097197744908,2
b2jm399x,noniid,fiarse,1340,36,rpi4,0.25,rpi4 1/4,119.9556198992456,90.04479096016311,3
b2jm399x,noniid,fiarse,1340,36,rpi5,0.5,rpi5 1/2,28.71181190700736,17.099073192427095,3
b2jm399x,noniid,fiarse,1340,36,rpi5,1.0,rpi5 1,43.57259198004613,9.468963717570796,4
b2jm399x,noniid,fiarse,1340,37,rpi4,0.125,rpi4 1/8,226.6305287689902,0.0,1
b2jm399x,noniid,fiarse,1340,37,rpi4,0.25,rpi4 1/4,172.51944518403616,1.1593397727553112,2
b2jm399x,noniid,fiarse,1340,37,rpi5,0.5,rpi5 1/2,33.55364270921564,16.988373295347007,4
b2jm399x,noniid,fiarse,1340,37,rpi5,1.0,rpi5 1,41.913907290591546,10.60284254426664,3
b2jm399x,noniid,fiarse,1340,38,rpi4,0.125,rpi4 1/8,156.49639657970206,65.74243592854782,3
b2jm399x,noniid,fiarse,1340,38,rpi4,0.25,rpi4 1/4,119.85909693773526,89.96703124195565,3
b2jm399x,noniid,fiarse,1340,38,rpi5,0.5,rpi5 1/2,31.804128360003233,23.27967983329524,2
b2jm399x,noniid,fiarse,1340,38,rpi5,1.0,rpi5 1,38.524774682940915,12.934335929582423,2
b2jm399x,noniid,fiarse,1340,39,rpi4,0.125,rpi4 1/8,161.56948147675334,17.10739430404525,3
b2jm399x,noniid,fiarse,1340,39,rpi4,0.25,rpi4 1/4,186.56105515605304,23.35496745656096,2
b2jm399x,noniid,fiarse,1340,39,rpi5,0.5,rpi5 1/2,20.97255887556821,3.0226840858512847,2
b2jm399x,noniid,fiarse,1340,39,rpi5,1.0,rpi5 1,42.55190464730064,11.1663816692957,3
b2jm399x,noniid,fiarse,1340,40,rpi4,0.125,rpi4 1/8,162.64558386378923,46.13007992078611,5
b2jm399x,noniid,fiarse,1340,40,rpi4,0.25,rpi4 1/4,171.32288618013263,0.0,1
b2jm399x,noniid,fiarse,1340,40,rpi5,0.5,rpi5 1/2,22.948008625069633,0.0,1
b2jm399x,noniid,fiarse,1340,40,rpi5,1.0,rpi5 1,30.181681462641183,17.731853002394033,3
bj8ua1of,noniid,fedrolex,1340,1,rpi4,0.125,rpi4 1/8,151.90370028140023,5.403659863121333,2
bj8ua1of,noniid,fedrolex,1340,1,rpi4,0.25,rpi4 1/4,86.67539347149432,69.08782995480398,2
bj8ua1of,noniid,fedrolex,1340,1,rpi5,0.5,rpi5 1/2,55.86493046729205,10.024974610531023,3
bj8ua1of,noniid,fedrolex,1340,1,rpi5,1.0,rpi5 1,77.6740662229713,16.610460386411056,3
bj8ua1of,noniid,fedrolex,1340,2,rpi4,0.125,rpi4 1/8,30.05321183707565,1.61603739546263,2
bj8ua1of,noniid,fedrolex,1340,2,rpi4,0.25,rpi4 1/4,97.01888013625285,97.85310621554426,4
bj8ua1of,noniid,fedrolex,1340,2,rpi5,0.5,rpi5 1/2,7.830390143441036,2.8654824749184695,2
bj8ua1of,noniid,fedrolex,1340,2,rpi5,1.0,rpi5 1,32.22659194050357,20.294519219040648,2
bj8ua1of,noniid,fedrolex,1340,3,rpi4,0.125,rpi4 1/8,110.99344409210607,0.0,1
bj8ua1of,noniid,fedrolex,1340,3,rpi4,0.25,rpi4 1/4,112.0262281166506,73.4308939376204,4
bj8ua1of,noniid,fedrolex,1340,3,rpi5,0.5,rpi5 1/2,30.013358474941924,21.832355158822953,2
bj8ua1of,noniid,fedrolex,1340,3,rpi5,1.0,rpi5 1,49.01132635368655,16.716013298512614,3
bj8ua1of,noniid,fedrolex,1340,4,rpi4,0.125,rpi4 1/8,28.817021301637094,0.13787407820126288,3
bj8ua1of,noniid,fedrolex,1340,4,rpi4,0.25,rpi4 1/4,22.776090166065842,24.509709318318194,2
bj8ua1of,noniid,fedrolex,1340,4,rpi5,0.5,rpi5 1/2,17.975689835924033,4.977189075530172,3
bj8ua1of,noniid,fedrolex,1340,4,rpi5,1.0,rpi5 1,45.78075338155031,0.12974588413900737,2
bj8ua1of,noniid,fedrolex,1340,5,rpi4,0.125,rpi4 1/8,29.00731491871799,0.07580084596095978,3
bj8ua1of,noniid,fedrolex,1340,5,rpi4,0.25,rpi4 1/4,35.75562570919283,0.0,1
bj8ua1of,noniid,fedrolex,1340,5,rpi5,0.5,rpi5 1/2,11.022688283002935,1.7568868083960072,2
bj8ua1of,noniid,fedrolex,1340,5,rpi5,1.0,rpi5 1,38.843270207056776,13.674063955170961,4
bj8ua1of,noniid,fedrolex,1340,6,rpi4,0.125,rpi4 1/8,37.062490542031206,16.736821623487263,3
bj8ua1of,noniid,fedrolex,1340,6,rpi4,0.25,rpi4 1/4,40.04545418832762,29.9972614540629,3
bj8ua1of,noniid,fedrolex,1340,6,rpi5,0.5,rpi5 1/2,9.87006140081212,0.0,1
bj8ua1of,noniid,fedrolex,1340,6,rpi5,1.0,rpi5 1,40.35522913490422,19.396590340606338,3
bj8ua1of,noniid,fedrolex,1340,7,rpi4,0.125,rpi4 1/8,111.57811665593181,0.4401612829864671,2
bj8ua1of,noniid,fedrolex,1340,7,rpi4,0.25,rpi4 1/4,161.07805683696643,39.716084246595024,2
bj8ua1of,noniid,fedrolex,1340,7,rpi5,0.5,rpi5 1/2,32.687260499282274,17.2155543941922,4
bj8ua1of,noniid,fedrolex,1340,7,rpi5,1.0,rpi5 1,62.38900113449199,43.41188917759142,2
bj8ua1of,noniid,fedrolex,1340,8,rpi4,0.125,rpi4 1/8,28.867476276432473,0.17503123857899583,3
bj8ua1of,noniid,fedrolex,1340,8,rpi4,0.25,rpi4 1/4,85.44823919603368,80.24935685022463,4
bj8ua1of,noniid,fedrolex,1340,8,rpi5,0.5,rpi5 1/2,13.835742415045388,11.177291484399722,2
bj8ua1of,noniid,fedrolex,1340,8,rpi5,1.0,rpi5 1,45.54580407310277,0.0,1
bj8ua1of,noniid,fedrolex,1340,9,rpi4,0.125,rpi4 1/8,29.413258576299995,0.9180457009249186,3
bj8ua1of,noniid,fedrolex,1340,9,rpi4,0.25,rpi4 1/4,73.66819556895643,93.68634855589785,3
bj8ua1of,noniid,fedrolex,1340,9,rpi5,0.5,rpi5 1/2,16.964092786423862,6.481611842064312,2
bj8ua1of,noniid,fedrolex,1340,9,rpi5,1.0,rpi5 1,16.261738242057618,2.3142752799367097,2
bj8ua1of,noniid,fedrolex,1340,10,rpi4,0.125,rpi4 1/8,95.4170102730277,22.06603674884166,4
bj8ua1of,noniid,fedrolex,1340,10,rpi4,0.25,rpi4 1/4,140.5633831860032,39.66190614688466,3
bj8ua1of,noniid,fedrolex,1340,10,rpi5,0.5,rpi5 1/2,59.74333309358917,6.202110103093016,2
bj8ua1of,noniid,fedrolex,1340,10,rpi5,1.0,rpi5 1,103.58249980094843,0.0,1
bj8ua1of,noniid,fedrolex,1340,11,rpi4,0.125,rpi4 1/8,28.853498970003177,0.10552231709653948,3
bj8ua1of,noniid,fedrolex,1340,11,rpi4,0.25,rpi4 1/4,113.55258320768674,75.51697329248454,3
bj8ua1of,noniid,fedrolex,1340,11,rpi5,0.5,rpi5 1/2,13.248453092062846,10.502673264706917,2
bj8ua1of,noniid,fedrolex,1340,11,rpi5,1.0,rpi5 1,31.975403473479673,19.656528885481176,2
bj8ua1of,noniid,fedrolex,1340,12,rpi4,0.125,rpi4 1/8,29.49860545100334,0.9253420717434457,3
bj8ua1of,noniid,fedrolex,1340,12,rpi4,0.25,rpi4 1/4,38.93703382462263,2.744956486407049,3
bj8ua1of,noniid,fedrolex,1340,12,rpi5,0.5,rpi5 1/2,13.816347173337514,5.164867810630011,3
bj8ua1of,noniid,fedrolex,1340,12,rpi5,1.0,rpi5 1,14.586667433031835,0.0,1
bj8ua1of,noniid,fedrolex,1340,13,rpi4,0.125,rpi4 1/8,25.572131543885916,0.0,1
bj8ua1of,noniid,fedrolex,1340,13,rpi4,0.25,rpi4 1/4,30.284068343578838,27.832164478131165,2
bj8ua1of,noniid,fedrolex,1340,13,rpi5,0.5,rpi5 1/2,19.665579640306532,8.962364123726609,3
bj8ua1of,noniid,fedrolex,1340,13,rpi5,1.0,rpi5 1,34.955459855205845,17.70119527004825,4
bj8ua1of,noniid,fedrolex,1340,14,rpi4,0.125,rpi4 1/8,109.74976835632697,0.4655811425543888,3
bj8ua1of,noniid,fedrolex,1340,14,rpi4,0.25,rpi4 1/4,73.3182005159324,84.91487634346248,2
bj8ua1of,noniid,fedrolex,1340,14,rpi5,0.5,rpi5 1/2,36.942555789020844,9.890389975153735,2
bj8ua1of,noniid,fedrolex,1340,14,rpi5,1.0,rpi5 1,51.39341427036561,16.501412645658583,3
bj8ua1of,noniid,fedrolex,1340,15,rpi4,0.125,rpi4 1/8,42.84681683895178,20.03965852540359,2
bj8ua1of,noniid,fedrolex,1340,15,rpi4,0.25,rpi4 1/4,76.30114094750024,50.993258579714194,2
bj8ua1of,noniid,fedrolex,1340,15,rpi5,0.5,rpi5 1/2,13.992069092055317,7.290695321815835,4
bj8ua1of,noniid,fedrolex,1340,15,rpi5,1.0,rpi5 1,45.66176537994761,0.3503210669568182,2
bj8ua1of,noniid,fedrolex,1340,16,rpi4,0.125,rpi4 1/8,47.22684973839205,1.116665389922308,2
bj8ua1of,noniid,fedrolex,1340,16,rpi4,0.25,rpi4 1/4,77.54284066008404,38.10859716721608,3
bj8ua1of,noniid,fedrolex,1340,16,rpi5,0.5,rpi5 1/2,9.129948641988449,4.749978344624495,2
bj8ua1of,noniid,fedrolex,1340,16,rpi5,1.0,rpi5 1,30.911190804986592,18.082810170656312,3
bj8ua1of,noniid,fedrolex,1340,17,rpi4,0.125,rpi4 1/8,95.21453554470402,26.064069564760814,3
bj8ua1of,noniid,fedrolex,1340,17,rpi4,0.25,rpi4 1/4,63.00108679162804,69.66099130578621,2
bj8ua1of,noniid,fedrolex,1340,17,rpi5,0.5,rpi5 1/2,15.485398324672133,8.356845611189211,3
bj8ua1of,noniid,fedrolex,1340,17,rpi5,1.0,rpi5 1,16.361355438479222,2.19072173631597,2
bj8ua1of,noniid,fedrolex,1340,18,rpi4,0.125,rpi4 1/8,25.175874229365338,6.577353943233113,3
bj8ua1of,noniid,fedrolex,1340,18,rpi4,0.25,rpi4 1/4,78.30783979229939,97.39227188040182,3
bj8ua1of,noniid,fedrolex,1340,18,rpi5,0.5,rpi5 1/2,13.783226050358886,5.097268732963686,3
bj8ua1of,noniid,fedrolex,1340,18,rpi5,1.0,rpi5 1,46.1842861759942,0.0,1
bj8ua1of,noniid,fedrolex,1340,19,rpi4,0.125,rpi4 1/8,28.91853353676076,0.16551595661036556,3
bj8ua1of,noniid,fedrolex,1340,19,rpi4,0.25,rpi4 1/4,28.50088357902132,19.942108330274554,3
bj8ua1of,noniid,fedrolex,1340,19,rpi5,1.0,rpi5 1,37.929933739011176,15.497025083057236,4
bj8ua1of,noniid,fedrolex,1340,20,rpi4,0.125,rpi4 1/8,99.36607329943217,22.59252107258682,4
bj8ua1of,noniid,fedrolex,1340,20,rpi4,0.25,rpi4 1/4,152.4589150513833,31.33841558449847,3
bj8ua1of,noniid,fedrolex,1340,20,rpi5,0.5,rpi5 1/2,16.0528034750605,5.4293925870707085,2
bj8ua1of,noniid,fedrolex,1340,20,rpi5,1.0,rpi5 1,45.72546792193316,0.0,1
bj8ua1of,noniid,fedrolex,1340,21,rpi4,0.125,rpi4 1/8,23.12681688205339,7.992632448757064,2
bj8ua1of,noniid,fedrolex,1340,21,rpi4,0.25,rpi4 1/4,62.15894078915007,72.61062665377354,5
bj8ua1of,noniid,fedrolex,1340,21,rpi5,0.5,rpi5 1/2,9.785344020929188,0.0,1
bj8ua1of,noniid,fedrolex,1340,21,rpi5,1.0,rpi5 1,30.287842657533474,22.08705119805841,2
bj8ua1of,noniid,fedrolex,1340,22,rpi4,0.125,rpi4 1/8,25.004047202489648,6.498606329519956,3
bj8ua1of,noniid,fedrolex,1340,22,rpi4,0.25,rpi4 1/4,27.00251783632363,18.821135629677844,3
bj8ua1of,noniid,fedrolex,1340,22,rpi5,0.5,rpi5 1/2,12.185976176988333,7.761929541209611,3
bj8ua1of,noniid,fedrolex,1340,22,rpi5,1.0,rpi5 1,17.99528788495809,0.0,1
bj8ua1of,noniid,fedrolex,1340,23,rpi4,0.125,rpi4 1/8,39.04684711690061,2.440222929518268,2
bj8ua1of,noniid,fedrolex,1340,23,rpi4,0.25,rpi4 1/4,54.414448289666325,4.567194429646745,3
bj8ua1of,noniid,fedrolex,1340,23,rpi5,0.5,rpi5 1/2,14.079943746968638,7.419260174606965,4
bj8ua1of,noniid,fedrolex,1340,23,rpi5,1.0,rpi5 1,17.945866429945454,0.0,1
bj8ua1of,noniid,fedrolex,1340,24,rpi4,0.125,rpi4 1/8,28.980105315276887,0.2110386829388288,4
bj8ua1of,noniid,fedrolex,1340,24,rpi4,0.25,rpi4 1/4,47.3838355896684,48.87870143291489,3
bj8ua1of,noniid,fedrolex,1340,24,rpi5,0.5,rpi5 1/2,16.444022880517878,5.861727692056814,2
bj8ua1of,noniid,fedrolex,1340,24,rpi5,1.0,rpi5 1,48.69154762290418,0.0,1
bj8ua1of,noniid,fedrolex,1340,25,rpi4,0.125,rpi4 1/8,37.39572895690799,0.0,1
bj8ua1of,noniid,fedrolex,1340,25,rpi4,0.25,rpi4 1/4,57.40460609768828,3.5092829777747814,3
bj8ua1of,noniid,fedrolex,1340,25,rpi5,0.5,rpi5 1/2,13.936241928429808,7.232833051303033,4
bj8ua1of,noniid,fedrolex,1340,25,rpi5,1.0,rpi5 1,16.35467692045495,2.278176075063064,2
bj8ua1of,noniid,fedrolex,1340,26,rpi4,0.125,rpi4 1/8,43.562874352947496,25.153257876284844,3
bj8ua1of,noniid,fedrolex,1340,26,rpi4,0.25,rpi4 1/4,20.412208641995676,21.159234110105274,2
bj8ua1of,noniid,fedrolex,1340,26,rpi5,0.5,rpi5 1/2,22.708192687714472,12.189183851751826,3
bj8ua1of,noniid,fedrolex,1340,26,rpi5,1.0,rpi5 1,30.450553376052994,22.324461396790905,2
bj8ua1of,noniid,fedrolex,1340,27,rpi4,0.125,rpi4 1/8,51.2772888878244,40.785212224329065,4
bj8ua1of,noniid,fedrolex,1340,27,rpi4,0.25,rpi4 1/4,189.2020932980813,0.0,1
bj8ua1of,noniid,fedrolex,1340,27,rpi5,0.5,rpi5 1/2,16.428402909620974,5.792265810895228,3
bj8ua1of,noniid,fedrolex,1340,27,rpi5,1.0,rpi5 1,31.773588108015247,19.7186633192758,2
bj8ua1of,noniid,fedrolex,1340,28,rpi4,0.125,rpi4 1/8,40.50733613310149,14.051037429633237,4
bj8ua1of,noniid,fedrolex,1340,28,rpi4,0.25,rpi4 1/4,56.42654234636575,22.447660822755093,2
bj8ua1of,noniid,fedrolex,1340,28,rpi5,0.5,rpi5 1/2,9.193107849452645,4.632526120134307,2
bj8ua1of,noniid,fedrolex,1340,28,rpi5,1.0,rpi5 1,34.49772920808755,23.549536611720683,2
bj8ua1of,noniid,fedrolex,1340,29,rpi4,0.125,rpi4 1/8,45.83998331904877,23.901135409451673,2
bj8ua1of,noniid,fedrolex,1340,29,rpi4,0.25,rpi4 1/4,91.85761479352368,82.8079358550172,4
bj8ua1of,noniid,fedrolex,1340,29,rpi5,0.5,rpi5 1/2,12.689686477533542,9.703156954611101,2
bj8ua1of,noniid,fedrolex,1340,29,rpi5,1.0,rpi5 1,65.89699304499663,48.25765740181992,2
bj8ua1of,noniid,fedrolex,1340,30,rpi4,0.125,rpi4 1/8,29.552405822711687,1.0454599996944294,3
bj8ua1of,noniid,fedrolex,1340,30,rpi4,0.25,rpi4 1/4,91.55447095294949,121.82144034530704,2
bj8ua1of,noniid,fedrolex,1340,30,rpi5,0.5,rpi5 1/2,14.778013925999403,7.1219702908085045,2
bj8ua1of,noniid,fedrolex,1340,30,rpi5,1.0,rpi5 1,35.615713496614866,18.19056007438254,3
bj8ua1of,noniid,fedrolex,1340,31,rpi4,0.125,rpi4 1/8,66.99863425025251,50.73701910710679,4
bj8ua1of,noniid,fedrolex,1340,31,rpi4,0.25,rpi4 1/4,153.10599261603784,49.70462195534391,2
bj8ua1of,noniid,fedrolex,1340,31,rpi5,0.5,rpi5 1/2,17.19519702740945,10.38683496471231,2
bj8ua1of,noniid,fedrolex,1340,31,rpi5,1.0,rpi5 1,16.41392849344993,2.6579867220350013,2
bj8ua1of,noniid,fedrolex,1340,32,rpi4,0.125,rpi4 1/8,28.824934250558726,0.09337062127656424,2
bj8ua1of,noniid,fedrolex,1340,32,rpi4,0.25,rpi4 1/4,65.90725069947075,79.11881488409166,4
bj8ua1of,noniid,fedrolex,1340,32,rpi5,0.5,rpi5 1/2,5.817603833973408,0.0,1
bj8ua1of,noniid,fedrolex,1340,32,rpi5,1.0,rpi5 1,36.54917001297387,15.722378079902247,3
bj8ua1of,noniid,fedrolex,1340,33,rpi4,0.125,rpi4 1/8,55.3340709519883,45.85502452253262,3
bj8ua1of,noniid,fedrolex,1340,33,rpi4,0.25,rpi4 1/4,38.052731915493496,3.569205334535007,2
bj8ua1of,noniid,fedrolex,1340,33,rpi5,0.5,rpi5 1/2,33.87858894927194,25.548441341593712,4
bj8ua1of,noniid,fedrolex,1340,33,rpi5,1.0,rpi5 1,45.52754975599237,0.0,1
bj8ua1of,noniid,fedrolex,1340,34,rpi4,0.125,rpi4 1/8,29.06864646205213,0.19117295947253835,2
bj8ua1of,noniid,fedrolex,1340,34,rpi4,0.25,rpi4 1/4,86.64148814269963,85.08082641661936,3
bj8ua1of,noniid,fedrolex,1340,34,rpi5,0.5,rpi5 1/2,12.887975867488421,9.831286380669171,2
bj8ua1of,noniid,fedrolex,1340,34,rpi5,1.0,rpi5 1,36.62044565860803,16.025013909766884,3
bj8ua1of,noniid,fedrolex,1340,35,rpi4,0.125,rpi4 1/8,69.47194965800736,57.595428037920776,2
bj8ua1of,noniid,fedrolex,1340,35,rpi4,0.25,rpi4 1/4,37.90231464605313,3.486809348428988,2
bj8ua1of,noniid,fedrolex,1340,35,rpi5,0.5,rpi5 1/2,18.613126548531,6.84690734745026,4
bj8ua1of,noniid,fedrolex,1340,35,rpi5,1.0,rpi5 1,41.479065356077626,5.996998297545105,2
bj8ua1of,noniid,fedrolex,1340,36,rpi4,0.125,rpi4 1/8,67.45410671748687,54.717074300386344,2
bj8ua1of,noniid,fedrolex,1340,36,rpi4,0.25,rpi4 1/4,22.79427915555425,24.578444953363906,2
bj8ua1of,noniid,fedrolex,1340,36,rpi5,0.5,rpi5 1/2,12.0147316280636,6.029339683914416,4
bj8ua1of,noniid,fedrolex,1340,36,rpi5,1.0,rpi5 1,31.86029117088765,19.813617242563687,2
bj8ua1of,noniid,fedrolex,1340,37,rpi4,0.125,rpi4 1/8,76.28979987542455,23.137918467048166,3
bj8ua1of,noniid,fedrolex,1340,37,rpi4,0.25,rpi4 1/4,5.394639621023089,0.0,1
bj8ua1of,noniid,fedrolex,1340,37,rpi5,0.5,rpi5 1/2,16.021732937544584,5.3573214361105,2
bj8ua1of,noniid,fedrolex,1340,37,rpi5,1.0,rpi5 1,41.422435870801564,33.74178118882817,4
bj8ua1of,noniid,fedrolex,1340,38,rpi4,0.125,rpi4 1/8,65.99195023765787,42.030681816759966,3
bj8ua1of,noniid,fedrolex,1340,38,rpi4,0.25,rpi4 1/4,76.06127368433711,97.77935246979264,3
bj8ua1of,noniid,fedrolex,1340,38,rpi5,0.5,rpi5 1/2,19.589419186813757,0.0,1
bj8ua1of,noniid,fedrolex,1340,38,rpi5,1.0,rpi5 1,35.2179799627047,17.884631670122868,3
bj8ua1of,noniid,fedrolex,1340,39,rpi4,0.125,rpi4 1/8,25.987359941995237,5.6163845182251055,4
bj8ua1of,noniid,fedrolex,1340,39,rpi4,0.25,rpi4 1/4,97.45909061888233,76.3079340272837,2
bj8ua1of,noniid,fedrolex,1340,39,rpi5,0.5,rpi5 1/2,15.320312857511453,5.123615279280085,4
bj8ua1of,noniid,fedrolex,1340,40,rpi4,0.125,rpi4 1/8,29.3539627873494,1.0362871177911959,3
bj8ua1of,noniid,fedrolex,1340,40,rpi4,0.25,rpi4 1/4,77.94855163137738,96.78698340143004,3
bj8ua1of,noniid,fedrolex,1340,40,rpi5,0.5,rpi5 1/2,19.858463393058628,0.4210122599617891,2
bj8ua1of,noniid,fedrolex,1340,40,rpi5,1.0,rpi5 1,30.31270275247516,22.110584263084434,2
i99r0zn3,iid,fedrolex,1340,1,rpi4,0.125,rpi4 1/8,182.99511092198082,72.20653689104563,5
i99r0zn3,iid,fedrolex,1340,1,rpi4,0.25,rpi4 1/4,219.1360594941303,72.65380886713102,5
i99r0zn3,iid,fedrolex,1340,1,rpi5,0.5,rpi5 1/2,129.79784714700654,9.440722731288691,5
i99r0zn3,iid,fedrolex,1340,1,rpi5,1.0,rpi5 1,147.2400762568228,17.397545241165776,5
i99r0zn3,iid,fedrolex,1340,2,rpi4,0.125,rpi4 1/8,116.79494051681831,56.31700909330771,5
i99r0zn3,iid,fedrolex,1340,2,rpi4,0.25,rpi4 1/4,153.58233726439067,73.28306643274334,5
i99r0zn3,iid,fedrolex,1340,2,rpi5,0.5,rpi5 1/2,55.12754634083249,2.5836726075271743,5
i99r0zn3,iid,fedrolex,1340,2,rpi5,1.0,rpi5 1,89.20769652242306,15.78541078111348,5
i99r0zn3,iid,fedrolex,1340,3,rpi4,0.125,rpi4 1/8,117.5523632671684,57.129243607782975,5
i99r0zn3,iid,fedrolex,1340,3,rpi4,0.25,rpi4 1/4,153.49718971401452,71.64833638246043,5
i99r0zn3,iid,fedrolex,1340,3,rpi5,0.5,rpi5 1/2,54.55865042405203,2.9954507202151506,5
i99r0zn3,iid,fedrolex,1340,3,rpi5,1.0,rpi5 1,87.47239327842836,16.198477762797307,5
i99r0zn3,iid,fedrolex,1340,4,rpi4,0.125,rpi4 1/8,117.62577160545625,57.818753464079336,5
i99r0zn3,iid,fedrolex,1340,4,rpi4,0.25,rpi4 1/4,145.7479617739562,73.88911385068883,5
i99r0zn3,iid,fedrolex,1340,4,rpi5,0.5,rpi5 1/2,53.816765333805236,3.0805735735801725,5
i99r0zn3,iid,fedrolex,1340,4,rpi5,1.0,rpi5 1,87.78823655697052,17.260231433280158,5
i99r0zn3,iid,fedrolex,1340,5,rpi4,0.125,rpi4 1/8,117.52562033403665,56.32013410046225,5
i99r0zn3,iid,fedrolex,1340,5,rpi4,0.25,rpi4 1/4,149.53232443081214,72.26811661624384,5
i99r0zn3,iid,fedrolex,1340,5,rpi5,0.5,rpi5 1/2,54.57448491631076,1.5879930885901445,5
i99r0zn3,iid,fedrolex,1340,5,rpi5,1.0,rpi5 1,87.51790651499759,17.301076374319376,5
i99r0zn3,iid,fedrolex,1340,6,rpi4,0.125,rpi4 1/8,116.3718379559461,55.35720276640832,5
i99r0zn3,iid,fedrolex,1340,6,rpi4,0.25,rpi4 1/4,148.95480291415006,72.78092613839137,5
i99r0zn3,iid,fedrolex,1340,6,rpi5,0.5,rpi5 1/2,54.81362668247893,2.1833428931927004,5
i99r0zn3,iid,fedrolex,1340,6,rpi5,1.0,rpi5 1,89.14951873230748,17.576915160481555,5
i99r0zn3,iid,fedrolex,1340,7,rpi4,0.125,rpi4 1/8,117.69608188867569,57.469560815486695,5
i99r0zn3,iid,fedrolex,1340,7,rpi4,0.25,rpi4 1/4,145.37969499384053,73.9650566867923,5
i99r0zn3,iid,fedrolex,1340,7,rpi5,0.5,rpi5 1/2,54.76792752705514,2.3731710134550146,5
i99r0zn3,iid,fedrolex,1340,7,rpi5,1.0,rpi5 1,88.98076721339021,16.865298021017804,5
i99r0zn3,iid,fedrolex,1340,8,rpi4,0.125,rpi4 1/8,117.80555837820285,58.15366906459468,5
i99r0zn3,iid,fedrolex,1340,8,rpi4,0.25,rpi4 1/4,147.1842026797123,73.52050320643863,5
i99r0zn3,iid,fedrolex,1340,8,rpi5,0.5,rpi5 1/2,54.98112797997892,2.406627413595003,5
i99r0zn3,iid,fedrolex,1340,8,rpi5,1.0,rpi5 1,88.7584762976272,18.47640414410094,5
i99r0zn3,iid,fedrolex,1340,9,rpi4,0.125,rpi4 1/8,116.78399051781744,54.74938524166456,5
i99r0zn3,iid,fedrolex,1340,9,rpi4,0.25,rpi4 1/4,145.43238220345228,73.69151297063772,5
i99r0zn3,iid,fedrolex,1340,9,rpi5,0.5,rpi5 1/2,55.42891639713198,2.0829121307240483,5
i99r0zn3,iid,fedrolex,1340,9,rpi5,1.0,rpi5 1,89.64189083161764,17.68342833967001,5
i99r0zn3,iid,fedrolex,1340,10,rpi4,0.125,rpi4 1/8,117.31146116438322,58.31714707836408,5
i99r0zn3,iid,fedrolex,1340,10,rpi4,0.25,rpi4 1/4,145.45324718677438,74.30034137814495,5
i99r0zn3,iid,fedrolex,1340,10,rpi5,0.5,rpi5 1/2,54.76920970343053,3.398080392684631,5
i99r0zn3,iid,fedrolex,1340,10,rpi5,1.0,rpi5 1,87.17709963836242,16.8979690513113,5
i99r0zn3,iid,fedrolex,1340,11,rpi4,0.125,rpi4 1/8,117.59391760891303,56.47546448350531,5
i99r0zn3,iid,fedrolex,1340,11,rpi4,0.25,rpi4 1/4,146.52385441837833,75.43739080319406,5
i99r0zn3,iid,fedrolex,1340,11,rpi5,0.5,rpi5 1/2,54.802064846409486,2.735954384978843,5
i99r0zn3,iid,fedrolex,1340,11,rpi5,1.0,rpi5 1,88.93069603100885,16.136050054819755,5
i99r0zn3,iid,fedrolex,1340,12,rpi4,0.125,rpi4 1/8,116.98556349943392,56.783203725167915,5
i99r0zn3,iid,fedrolex,1340,12,rpi4,0.25,rpi4 1/4,146.82394979405217,76.24430886172713,5
i99r0zn3,iid,fedrolex,1340,12,rpi5,0.5,rpi5 1/2,55.421206943597646,2.8964842655808165,5
i99r0zn3,iid,fedrolex,1340,12,rpi5,1.0,rpi5 1,87.26980919383932,15.750950314322173,5
i99r0zn3,iid,fedrolex,1340,13,rpi4,0.125,rpi4 1/8,113.82919600219466,59.29930521163044,5
i99r0zn3,iid,fedrolex,1340,13,rpi4,0.25,rpi4 1/4,140.9913808405865,76.083286786719,5
i99r0zn3,iid,fedrolex,1340,13,rpi5,0.5,rpi5 1/2,52.422942846734074,5.394572883565204,5
i99r0zn3,iid,fedrolex,1340,13,rpi5,1.0,rpi5 1,84.29806942536962,17.766341238544538,5
i99r0zn3,iid,fedrolex,1340,14,rpi4,0.125,rpi4 1/8,114.7042742643971,57.3314555913421,5
i99r0zn3,iid,fedrolex,1340,14,rpi4,0.25,rpi4 1/4,152.23055064962244,72.87217970307667,5
i99r0zn3,iid,fedrolex,1340,14,rpi5,0.5,rpi5 1/2,53.22085334504955,4.925082208422135,5
i99r0zn3,iid,fedrolex,1340,14,rpi5,1.0,rpi5 1,84.63746992605738,18.383771543335435,5
i99r0zn3,iid,fedrolex,1340,15,rpi4,0.125,rpi4 1/8,115.17801004899665,60.47889258488391,5
i99r0zn3,iid,fedrolex,1340,15,rpi4,0.25,rpi4 1/4,142.98422719724476,75.16523506012193,5
i99r0zn3,iid,fedrolex,1340,15,rpi5,0.5,rpi5 1/2,52.46159899751656,6.057973457146002,5
i99r0zn3,iid,fedrolex,1340,15,rpi5,1.0,rpi5 1,84.79123987942003,16.54933011500844,5
i99r0zn3,iid,fedrolex,1340,16,rpi4,0.125,rpi4 1/8,113.35204609381034,60.103187125892845,5
i99r0zn3,iid,fedrolex,1340,16,rpi4,0.25,rpi4 1/4,145.28485699859448,74.33663605011904,5
i99r0zn3,iid,fedrolex,1340,16,rpi5,0.5,rpi5 1/2,52.00933524859138,6.783828454297881,5
i99r0zn3,iid,fedrolex,1340,16,rpi5,1.0,rpi5 1,80.92233005003072,16.544672312825984,5
i99r0zn3,iid,fedrolex,1340,17,rpi4,0.125,rpi4 1/8,114.13441612357273,59.481717073229554,5
i99r0zn3,iid,fedrolex,1340,17,rpi4,0.25,rpi4 1/4,144.18320725234224,78.23045911897786,5
i99r0zn3,iid,fedrolex,1340,17,rpi5,0.5,rpi5 1/2,54.005623759282756,3.900810413205249,5
i99r0zn3,iid,fedrolex,1340,17,rpi5,1.0,rpi5 1,83.84164736396633,17.425699689591806,5
i99r0zn3,iid,fedrolex,1340,18,rpi4,0.125,rpi4 1/8,114.25198380262592,60.10026886077879,5
i99r0zn3,iid,fedrolex,1340,18,rpi4,0.25,rpi4 1/4,146.19270464833826,72.90360611474588,5
i99r0zn3,iid,fedrolex,1340,18,rpi5,0.5,rpi5 1/2,52.4276837463025,5.235151060395226,5
i99r0zn3,iid,fedrolex,1340,18,rpi5,1.0,rpi5 1,83.45844173859805,16.740523558019277,5
i99r0zn3,iid,fedrolex,1340,19,rpi4,0.125,rpi4 1/8,112.92837613276205,60.914469908167824,5
i99r0zn3,iid,fedrolex,1340,19,rpi4,0.25,rpi4 1/4,140.48983429879883,77.29241922641565,5
i99r0zn3,iid,fedrolex,1340,19,rpi5,0.5,rpi5 1/2,51.78155806693248,7.355528129613021,5
i99r0zn3,iid,fedrolex,1340,19,rpi5,1.0,rpi5 1,80.09283542705234,17.168654063133772,5
i99r0zn3,iid,fedrolex,1340,20,rpi4,0.125,rpi4 1/8,113.8370422596112,60.29966209104057,5
i99r0zn3,iid,fedrolex,1340,20,rpi4,0.25,rpi4 1/4,143.03889043815434,75.84777557473517,5
i99r0zn3,iid,fedrolex,1340,20,rpi5,0.5,rpi5 1/2,51.599288404360415,7.146197447304626,5
i99r0zn3,iid,fedrolex,1340,20,rpi5,1.0,rpi5 1,81.19406983403023,17.044101377808794,5
prg5qiyn,noniid,heterofl,1340,1,rpi4,0.125,rpi4 1/8,176.6624023427721,7.664090781097511,3
prg5qiyn,noniid,heterofl,1340,1,rpi4,0.25,rpi4 1/4,195.9433157100187,60.27773923752874,3
prg5qiyn,noniid,heterofl,1340,1,rpi5,0.5,rpi5 1/2,69.28634158801287,35.681790630872335,2
prg5qiyn,noniid,heterofl,1340,1,rpi5,1.0,rpi5 1,122.54686415952165,46.069283561067365,2
prg5qiyn,noniid,heterofl,1340,2,rpi4,0.125,rpi4 1/8,37.39108246471733,14.80481623325495,3
prg5qiyn,noniid,heterofl,1340,2,rpi4,0.25,rpi4 1/4,22.80938541307114,24.59549404670466,2
prg5qiyn,noniid,heterofl,1340,2,rpi5,0.5,rpi5 1/2,29.52255151568291,5.253612606981706,3
prg5qiyn,noniid,heterofl,1340,2,rpi5,1.0,rpi5 1,46.412717982544564,0.7449145512217864,2
prg5qiyn,noniid,heterofl,1340,3,rpi4,0.125,rpi4 1/8,41.42696739469344,12.306403780864821,3
prg5qiyn,noniid,heterofl,1340,3,rpi4,0.25,rpi4 1/4,26.814837070104357,18.713698274584004,3
prg5qiyn,noniid,heterofl,1340,3,rpi5,0.5,rpi5 1/2,14.101589949335903,5.115786736390759,3
prg5qiyn,noniid,heterofl,1340,3,rpi5,1.0,rpi5 1,45.66183381504379,0.0,1
prg5qiyn,noniid,heterofl,1340,4,rpi4,0.125,rpi4 1/8,103.68988423608243,0.0,1
prg5qiyn,noniid,heterofl,1340,4,rpi4,0.25,rpi4 1/4,70.64219494637412,58.97147250707535,3
prg5qiyn,noniid,heterofl,1340,4,rpi5,0.5,rpi5 1/2,51.07313951593824,1.2409919099551423,2
prg5qiyn,noniid,heterofl,1340,4,rpi5,1.0,rpi5 1,62.67141607328085,43.59819598661851,4
prg5qiyn,noniid,heterofl,1340,5,rpi4,0.125,rpi4 1/8,56.53078645106871,39.11326120013374,2
prg5qiyn,noniid,heterofl,1340,5,rpi4,0.25,rpi4 1/4,93.5831867242814,76.72217462464613,4
prg5qiyn,noniid,heterofl,1340,5,rpi5,0.5,rpi5 1/2,14.588432949734852,6.148606245054005,4
prg5qiyn,noniid,heterofl,1340,6,rpi4,0.125,rpi4 1/8,28.975481841596775,0.08369118098663614,2
prg5qiyn,noniid,heterofl,1340,6,rpi4,0.25,rpi4 1/4,40.52490962995216,0.0,1
prg5qiyn,noniid,heterofl,1340,6,rpi5,0.5,rpi5 1/2,13.99401069022133,6.694839613608574,4
prg5qiyn,noniid,heterofl,1340,6,rpi5,1.0,rpi5 1,36.684288596967235,16.134123027738976,3
prg5qiyn,noniid,heterofl,1340,7,rpi4,0.125,rpi4 1/8,28.95840264841293,0.10520294283057838,3
prg5qiyn,noniid,heterofl,1340,7,rpi4,0.25,rpi4 1/4,23.07003190240357,24.891206984357147,2
prg5qiyn,noniid,heterofl,1340,7,rpi5,0.5,rpi5 1/2,19.75009207543917,0.19868007101242113,2
prg5qiyn,noniid,heterofl,1340,7,rpi5,1.0,rpi5 1,36.42034129379317,15.926126732372154,3
prg5qiyn,noniid,heterofl,1340,8,rpi4,0.125,rpi4 1/8,109.92304712650366,1.0523116315012802,2
prg5qiyn,noniid,heterofl,1340,8,rpi4,0.25,rpi4 1/4,189.42279043793678,0.0,1
prg5qiyn,noniid,heterofl,1340,8,rpi5,0.5,rpi5 1/2,12.176480204992307,6.829843840087978,3
prg5qiyn,noniid,heterofl,1340,8,rpi5,1.0,rpi5 1,30.620221510180272,17.90966329388461,4
prg5qiyn,noniid,heterofl,1340,9,rpi4,0.125,rpi4 1/8,28.696718054939993,0.016128238866074035,2
prg5qiyn,noniid,heterofl,1340,9,rpi4,0.25,rpi4 1/4,20.229109630570747,20.858905258658854,2
prg5qiyn,noniid,heterofl,1340,9,rpi5,0.5,rpi5 1/2,15.36260159878293,5.0177310253297405,4
prg5qiyn,noniid,heterofl,1340,9,rpi5,1.0,rpi5 1,45.72265387547668,0.26623891254096815,2
prg5qiyn,noniid,heterofl,1340,10,rpi4,0.125,rpi4 1/8,28.842560137156397,0.0,1
prg5qiyn,noniid,heterofl,1340,10,rpi4,0.25,rpi4 1/4,27.026891835266724,18.89909118689366,3
prg5qiyn,noniid,heterofl,1340,10,rpi5,0.5,rpi5 1/2,12.037805678672157,6.701969075512878,3
prg5qiyn,noniid,heterofl,1340,10,rpi5,1.0,rpi5 1,36.86292466730811,16.419582694442518,3
prg5qiyn,noniid,heterofl,1340,11,rpi4,0.125,rpi4 1/8,30.71987256128341,1.296927684427201,4
prg5qiyn,noniid,heterofl,1340,11,rpi5,0.5,rpi5 1/2,13.14280598651385,8.950095256969618,2
prg5qiyn,noniid,heterofl,1340,11,rpi5,1.0,rpi5 1,30.667774583795108,18.115779525032973,4
prg5qiyn,noniid,heterofl,1340,12,rpi4,0.125,rpi4 1/8,110.09270316595212,0.07691697976402775,2
prg5qiyn,noniid,heterofl,1340,12,rpi4,0.25,rpi4 1/4,160.82775912899524,38.296257345337025,2
prg5qiyn,noniid,heterofl,1340,12,rpi5,0.5,rpi5 1/2,34.67861969365428,9.462925718479665,3
prg5qiyn,noniid,heterofl,1340,12,rpi5,1.0,rpi5 1,58.13169874825204,17.486277762234398,3
prg5qiyn,noniid,heterofl,1340,13,rpi4,0.125,rpi4 1/8,28.696757456404157,0.04632778575476348,2
prg5qiyn,noniid,heterofl,1340,13,rpi4,0.25,rpi4 1/4,77.89749619062059,96.8925314831103,3
prg5qiyn,noniid,heterofl,1340,13,rpi5,0.5,rpi5 1/2,14.072201286287358,5.2656503548163975,3
prg5qiyn,noniid,heterofl,1340,13,rpi5,1.0,rpi5 1,29.163914317032322,23.784503825261027,2
prg5qiyn,noniid,heterofl,1340,14,rpi4,0.125,rpi4 1/8,29.20507578155957,0.6869528219676286,5
prg5qiyn,noniid,heterofl,1340,14,rpi4,0.25,rpi4 1/4,14.876222654944286,13.300686779050103,2
prg5qiyn,noniid,heterofl,1340,14,rpi5,0.5,rpi5 1/2,16.400900789691757,5.636205245767846,3
prg5qiyn,noniid,heterofl,1340,15,rpi4,0.125,rpi4 1/8,41.34719457500614,1.3278461923308218,2
prg5qiyn,noniid,heterofl,1340,15,rpi4,0.25,rpi4 1/4,56.31242005794775,49.37583487522803,4
prg5qiyn,noniid,heterofl,1340,15,rpi5,0.5,rpi5 1/2,19.005553129536565,10.38696818340951,2
prg5qiyn,noniid,heterofl,1340,15,rpi5,1.0,rpi5 1,51.39079266297631,0.03947526284600396,2
prg5qiyn,noniid,heterofl,1340,16,rpi4,0.125,rpi4 1/8,111.16133570034678,1.1698142028858316,3
prg5qiyn,noniid,heterofl,1340,16,rpi4,0.25,rpi4 1/4,69.72421694127843,53.087301474745345,3
prg5qiyn,noniid,heterofl,1340,16,rpi5,0.5,rpi5 1/2,16.12299578206148,5.329829871818477,2
prg5qiyn,noniid,heterofl,1340,16,rpi5,1.0,rpi5 1,28.850607846514322,23.44076567984148,2
prg5qiyn,noniid,heterofl,1340,17,rpi4,0.125,rpi4 1/8,28.935183042349916,0.08497352735355305,3
prg5qiyn,noniid,heterofl,1340,17,rpi4,0.25,rpi4 1/4,110.04111999932987,81.89762673174921,3
prg5qiyn,noniid,heterofl,1340,17,rpi5,0.5,rpi5 1/2,12.08904079097556,5.4479136575028,4
prg5qiyn,noniid,heterofl,1340,18,rpi4,0.125,rpi4 1/8,28.70909943850711,0.0037227596768881536,2
prg5qiyn,noniid,heterofl,1340,18,rpi4,0.25,rpi4 1/4,82.96643587364815,76.82050206070653,3
prg5qiyn,noniid,heterofl,1340,18,rpi5,0.5,rpi5 1/2,12.209008365675496,6.949819988781068,3
prg5qiyn,noniid,heterofl,1340,18,rpi5,1.0,rpi5 1,34.898557830019854,23.89999135004173,2
prg5qiyn,noniid,heterofl,1340,19,rpi4,0.125,rpi4 1/8,28.821567757287994,0.137906450158542,3
prg5qiyn,noniid,heterofl,1340,19,rpi4,0.25,rpi4 1/4,188.05685250391252,0.0,1
prg5qiyn,noniid,heterofl,1340,19,rpi5,0.5,rpi5 1/2,12.059359711303841,5.336218608168279,4
prg5qiyn,noniid,heterofl,1340,19,rpi5,1.0,rpi5 1,29.00439010700211,23.80602023034575,2
prg5qiyn,noniid,heterofl,1340,20,rpi4,0.125,rpi4 1/8,28.969503191299736,0.20823518392018278,3
prg5qiyn,noniid,heterofl,1340,20,rpi4,0.25,rpi4 1/4,40.029300125082955,0.0,1
prg5qiyn,noniid,heterofl,1340,20,rpi5,0.5,rpi5 1/2,12.176801382942358,5.66338035489732,4
prg5qiyn,noniid,heterofl,1340,20,rpi5,1.0,rpi5 1,29.024421334499493,23.89726386168601,2
prg5qiyn,noniid,heterofl,1340,21,rpi4,0.125,rpi4 1/8,46.4419995774515,0.2232547370358836,2
prg5qiyn,noniid,heterofl,1340,21,rpi4,0.25,rpi4 1/4,45.753808977625646,35.900471042002074,3
prg5qiyn,noniid,heterofl,1340,21,rpi5,0.5,rpi5 1/2,8.252226416429039,1.9800752513203153,2
prg5qiyn,noniid,heterofl,1340,21,rpi5,1.0,rpi5 1,38.435992485765986,22.5958129159504,3
prg5qiyn,noniid,heterofl,1340,22,rpi4,0.125,rpi4 1/8,110.67952492833138,1.3731691926785483,3
prg5qiyn,noniid,heterofl,1340,22,rpi4,0.25,rpi4 1/4,126.6725582430372,9.419591385884067,2
prg5qiyn,noniid,heterofl,1340,22,rpi5,0.5,rpi5 1/2,31.87954308523331,13.207266962797156,4
prg5qiyn,noniid,heterofl,1340,22,rpi5,1.0,rpi5 1,72.06954699708149,0.0,1
prg5qiyn,noniid,heterofl,1340,23,rpi4,0.125,rpi4 1/8,34.60462701343931,8.091854678388694,2
prg5qiyn,noniid,heterofl,1340,23,rpi4,0.25,rpi4 1/4,105.01247804968928,92.90001788974293,3
prg5qiyn,noniid,heterofl,1340,23,rpi5,0.5,rpi5 1/2,14.030104663300639,5.3007370783835634,3
prg5qiyn,noniid,heterofl,1340,23,rpi5,1.0,rpi5 1,15.054416639031842,4.049446315895235,2
prg5qiyn,noniid,heterofl,1340,24,rpi4,0.125,rpi4 1/8,43.077000407734886,3.489516284702653,4
prg5qiyn,noniid,heterofl,1340,24,rpi4,0.25,rpi4 1/4,49.56346674667051,60.65739972200015,3
prg5qiyn,noniid,heterofl,1340,24,rpi5,0.5,rpi5 1/2,19.813683101907372,0.04957903233838369,2
prg5qiyn,noniid,heterofl,1340,24,rpi5,1.0,rpi5 1,51.296934108948335,0.0,1
prg5qiyn,noniid,heterofl,1340,25,rpi4,0.125,rpi4 1/8,111.9193804860115,0.0,1
prg5qiyn,noniid,heterofl,1340,25,rpi4,0.25,rpi4 1/4,109.11659527205241,28.364404713401512,3
prg5qiyn,noniid,heterofl,1340,25,rpi5,0.5,rpi5 1/2,12.094945448334329,6.79264931538921,3
prg5qiyn,noniid,heterofl,1340,25,rpi5,1.0,rpi5 1,25.458506162744015,18.014882887850227,3
prg5qiyn,noniid,heterofl,1340,26,rpi4,0.125,rpi4 1/8,29.159236297011375,0.0,1
prg5qiyn,noniid,heterofl,1340,26,rpi4,0.25,rpi4 1/4,100.14434335155723,90.40708105160788,3
prg5qiyn,noniid,heterofl,1340,26,rpi5,0.5,rpi5 1/2,15.352795308300605,7.4308059757029,3
prg5qiyn,noniid,heterofl,1340,26,rpi5,1.0,rpi5 1,36.63240097315671,16.176264125555477,3
prg5qiyn,noniid,heterofl,1340,27,rpi4,0.125,rpi4 1/8,29.278138388181105,0.7308635234879365,5
prg5qiyn,noniid,heterofl,1340,27,rpi5,0.5,rpi5 1/2,11.305162817589007,1.871519695023041,2
prg5qiyn,noniid,heterofl,1340,27,rpi5,1.0,rpi5 1,25.52928848207618,18.18807009257728,3
prg5qiyn,noniid,heterofl,1340,28,rpi4,0.125,rpi4 1/8,111.37991349003278,1.1916447083326263,2
prg5qiyn,noniid,heterofl,1340,28,rpi4,0.25,rpi4 1/4,75.52861044625752,60.77923278591236,3
prg5qiyn,noniid,heterofl,1340,28,rpi5,0.5,rpi5 1/2,19.6786011189688,0.0,1
prg5qiyn,noniid,heterofl,1340,28,rpi5,1.0,rpi5 1,38.93728966941126,14.002832187787797,4
prg5qiyn,noniid,heterofl,1340,29,rpi4,0.125,rpi4 1/8,28.95155344561984,0.13959409244827956,3
prg5qiyn,noniid,heterofl,1340,29,rpi4,0.25,rpi4 1/4,23.4373535856915,17.588786054449077,3
prg5qiyn,noniid,heterofl,1340,29,rpi5,0.5,rpi5 1/2,12.14453950264336,6.888793642497111,3
prg5qiyn,noniid,heterofl,1340,29,rpi5,1.0,rpi5 1,17.85755908000283,0.0,1
prg5qiyn,noniid,heterofl,1340,30,rpi4,0.125,rpi4 1/8,29.247818993462715,0.780956956391068,4
prg5qiyn,noniid,heterofl,1340,30,rpi4,0.25,rpi4 1/4,50.74199535296066,49.770010929942615,4
prg5qiyn,noniid,heterofl,1340,30,rpi5,1.0,rpi5 1,31.749326598015614,19.833845245325126,2
prg5qiyn,noniid,heterofl,1340,31,rpi4,0.125,rpi4 1/8,110.31176496553235,0.766339596591556,2
prg5qiyn,noniid,heterofl,1340,31,rpi4,0.25,rpi4 1/4,102.54756681807339,28.884422691805433,3
prg5qiyn,noniid,heterofl,1340,31,rpi5,0.5,rpi5 1/2,8.322850107506383,2.174089071701526,2
prg5qiyn,noniid,heterofl,1340,31,rpi5,1.0,rpi5 1,34.81086833875937,19.69006721945726,3
prg5qiyn,noniid,heterofl,1340,32,rpi4,0.125,rpi4 1/8,29.405041347413015,1.1007054744640326,3
prg5qiyn,noniid,heterofl,1340,32,rpi4,0.25,rpi4 1/4,86.77184443602648,91.35988178954342,3
prg5qiyn,noniid,heterofl,1340,32,rpi5,0.5,rpi5 1/2,6.804082568967715,0.0,1
prg5qiyn,noniid,heterofl,1340,32,rpi5,1.0,rpi5 1,36.365267153363675,15.791805121109757,3
prg5qiyn,noniid,heterofl,1340,33,rpi4,0.125,rpi4 1/8,42.36305111995898,1.6970382030070967,3
prg5qiyn,noniid,heterofl,1340,33,rpi4,0.25,rpi4 1/4,51.731282512890175,3.104937526376556,2
prg5qiyn,noniid,heterofl,1340,33,rpi5,0.5,rpi5 1/2,21.82443011063151,7.632182800718007,3
prg5qiyn,noniid,heterofl,1340,33,rpi5,1.0,rpi5 1,51.43051223340444,0.2302713124365686,2
prg5qiyn,noniid,heterofl,1340,34,rpi4,0.125,rpi4 1/8,111.61593327787705,0.0,1
prg5qiyn,noniid,heterofl,1340,34,rpi4,0.25,rpi4 1/4,161.37379178509582,38.65531480993362,2
prg5qiyn,noniid,heterofl,1340,34,rpi5,0.5,rpi5 1/2,13.470128016546369,9.515381483548618,2
prg5qiyn,noniid,heterofl,1340,34,rpi5,1.0,rpi5 1,33.73419658970088,16.93809777248118,5
prg5qiyn,noniid,heterofl,1340,35,rpi4,0.125,rpi4 1/8,28.873771506361663,0.037219041287906075,2
prg5qiyn,noniid,heterofl,1340,35,rpi4,0.25,rpi4 1/4,75.57097192876972,96.96059317410146,3
prg5qiyn,noniid,heterofl,1340,35,rpi5,0.5,rpi5 1/2,12.08664275764022,6.787830764907764,3
prg5qiyn,noniid,heterofl,1340,35,rpi5,1.0,rpi5 1,31.831802045577206,19.767983675660723,2
prg5qiyn,noniid,heterofl,1340,36,rpi4,0.125,rpi4 1/8,28.821910853342462,0.02414078326641909,3
prg5qiyn,noniid,heterofl,1340,36,rpi4,0.25,rpi4 1/4,37.76554777496494,3.7519950444821664,2
prg5qiyn,noniid,heterofl,1340,36,rpi5,0.5,rpi5 1/2,16.469908945650484,5.749206642777653,3
prg5qiyn,noniid,heterofl,1340,36,rpi5,1.0,rpi5 1,28.992436678963713,23.675638628333132,2
prg5qiyn,noniid,heterofl,1340,37,rpi4,0.125,rpi4 1/8,85.54960560201046,5.03221310537344,3
prg5qiyn,noniid,heterofl,1340,37,rpi4,0.25,rpi4 1/4,32.39307702658698,36.709491167643606,2
prg5qiyn,noniid,heterofl,1340,37,rpi5,0.5,rpi5 1/2,20.918616141697083,12.425480829784401,3
prg5qiyn,noniid,heterofl,1340,37,rpi5,1.0,rpi5 1,85.82163786503952,1.1502856606469276,2
prg5qiyn,noniid,heterofl,1340,38,rpi4,0.125,rpi4 1/8,95.17676441941876,18.475957364821806,2
prg5qiyn,noniid,heterofl,1340,38,rpi4,0.25,rpi4 1/4,122.01165837235749,60.14228468879057,3
prg5qiyn,noniid,heterofl,1340,38,rpi5,0.5,rpi5 1/2,11.951456402001591,6.597865960047514,3
prg5qiyn,noniid,heterofl,1340,38,rpi5,1.0,rpi5 1,15.120467604487203,4.074465404795813,2
prg5qiyn,noniid,heterofl,1340,39,rpi4,0.125,rpi4 1/8,28.86317667347612,0.07597779444066449,4
prg5qiyn,noniid,heterofl,1340,39,rpi4,0.25,rpi4 1/4,5.476181335980073,0.0,1
prg5qiyn,noniid,heterofl,1340,39,rpi5,0.5,rpi5 1/2,14.897726931027137,7.021137840994151,2
prg5qiyn,noniid,heterofl,1340,39,rpi5,1.0,rpi5 1,36.78815201615604,16.176955428505316,3
prg5qiyn,noniid,heterofl,1340,40,rpi4,0.125,rpi4 1/8,28.79190157703124,0.0,1
prg5qiyn,noniid,heterofl,1340,40,rpi4,0.25,rpi4 1/4,56.17312586068874,46.173772945209514,4
prg5qiyn,noniid,heterofl,1340,40,rpi5,0.5,rpi5 1/2,9.612999846382687,2.8006895761555013,3
prg5qiyn,noniid,heterofl,1340,40,rpi5,1.0,rpi5 1,29.02881675749086,23.491411036502175,2
skhigedl,iid,heterofl,1340,1,rpi4,0.125,rpi4 1/8,153.68278661658988,7.6747179494637905,5
skhigedl,iid,heterofl,1340,1,rpi4,0.25,rpi4 1/4,246.72389064519666,76.18902718235394,5
skhigedl,iid,heterofl,1340,1,rpi5,0.5,rpi5 1/2,133.94188250876033,11.653704532062095,5
skhigedl,iid,heterofl,1340,1,rpi5,1.0,rpi5 1,156.3728626737837,12.086007199710366,5
skhigedl,iid,heterofl,1340,2,rpi4,0.125,rpi4 1/8,98.12969795200043,16.588206671357433,5
skhigedl,iid,heterofl,1340,2,rpi4,0.25,rpi4 1/4,171.7816990076564,79.97143166587995,5
skhigedl,iid,heterofl,1340,2,rpi5,0.5,rpi5 1/2,54.8297001137631,3.21641646984321,5
skhigedl,iid,heterofl,1340,2,rpi5,1.0,rpi5 1,87.54485698877833,17.72822506810299,5
skhigedl,iid,heterofl,1340,3,rpi4,0.125,rpi4 1/8,102.63935997704975,23.044598565573054,5
skhigedl,iid,heterofl,1340,3,rpi4,0.25,rpi4 1/4,172.10691379276105,80.93807486259837,5
skhigedl,iid,heterofl,1340,3,rpi5,0.5,rpi5 1/2,54.80928403136786,2.548522831297035,5
skhigedl,iid,heterofl,1340,3,rpi5,1.0,rpi5 1,87.83011847059242,16.145588963723153,5
skhigedl,iid,heterofl,1340,4,rpi4,0.125,rpi4 1/8,93.6908454657998,3.4296603467234106,5
skhigedl,iid,heterofl,1340,4,rpi4,0.25,rpi4 1/4,172.15166851016693,78.93567890374332,5
skhigedl,iid,heterofl,1340,4,rpi5,0.5,rpi5 1/2,54.4421841659816,2.4478370017431437,5
skhigedl,iid,heterofl,1340,4,rpi5,1.0,rpi5 1,89.52337539703585,15.849266436519251,5
skhigedl,iid,heterofl,1340,5,rpi4,0.125,rpi4 1/8,96.26597083183006,8.365131325786116,5
skhigedl,iid,heterofl,1340,5,rpi4,0.25,rpi4 1/4,172.42291998001747,78.28364114257184,5
skhigedl,iid,heterofl,1340,5,rpi5,0.5,rpi5 1/2,54.28316524839029,1.3453988304653455,5
skhigedl,iid,heterofl,1340,5,rpi5,1.0,rpi5 1,87.35634651244618,17.52844175428033,5
skhigedl,iid,heterofl,1340,6,rpi4,0.125,rpi4 1/8,95.24033060404471,7.804023546594328,5
skhigedl,iid,heterofl,1340,6,rpi4,0.25,rpi4 1/4,171.72342025758698,78.49549420753308,5
skhigedl,iid,heterofl,1340,6,rpi5,0.5,rpi5 1/2,55.131186992838046,2.7730432387085147,5
skhigedl,iid,heterofl,1340,6,rpi5,1.0,rpi5 1,89.0532530077733,17.486684607426117,5
skhigedl,iid,heterofl,1340,7,rpi4,0.125,rpi4 1/8,93.28035236219876,3.1498561626333563,5
skhigedl,iid,heterofl,1340,7,rpi4,0.25,rpi4 1/4,171.84881376135164,79.37221524069433,5
skhigedl,iid,heterofl,1340,7,rpi5,0.5,rpi5 1/2,55.09744701641612,2.101183685981746,5
skhigedl,iid,heterofl,1340,7,rpi5,1.0,rpi5 1,89.16116116279736,17.264134819502974,5
skhigedl,iid,heterofl,1340,8,rpi4,0.125,rpi4 1/8,94.09439727719874,4.3463871580267694,5
skhigedl,iid,heterofl,1340,8,rpi4,0.25,rpi4 1/4,172.939651871752,80.48863840093584,5
skhigedl,iid,heterofl,1340,8,rpi5,0.5,rpi5 1/2,54.57890972218011,2.1079336171531686,5
skhigedl,iid,heterofl,1340,8,rpi5,1.0,rpi5 1,89.7759429921396,16.88369782251561,5
skhigedl,iid,heterofl,1340,9,rpi4,0.125,rpi4 1/8,93.45517872320488,2.906649827805041,5
skhigedl,iid,heterofl,1340,9,rpi4,0.25,rpi4 1/4,171.11635184963234,77.77281053443294,5
skhigedl,iid,heterofl,1340,9,rpi5,0.5,rpi5 1/2,55.09313254703302,2.43946340568428,5
skhigedl,iid,heterofl,1340,9,rpi5,1.0,rpi5 1,90.00529515543022,16.931496727003225,5
skhigedl,iid,heterofl,1340,10,rpi4,0.125,rpi4 1/8,92.55658653322607,3.017035842858883,5
skhigedl,iid,heterofl,1340,10,rpi4,0.25,rpi4 1/4,173.53947073719465,80.21847180463155,5
skhigedl,iid,heterofl,1340,10,rpi5,0.5,rpi5 1/2,54.48131944532506,1.5738179717694085,5
skhigedl,iid,heterofl,1340,10,rpi5,1.0,rpi5 1,89.1835313141346,15.632775425280865,5
skhigedl,iid,heterofl,1340,11,rpi4,0.125,rpi4 1/8,93.4907786001917,2.297947586194815,5
skhigedl,iid,heterofl,1340,11,rpi4,0.25,rpi4 1/4,172.74894548216835,80.04559814935212,5
skhigedl,iid,heterofl,1340,11,rpi5,0.5,rpi5 1/2,55.06959899880458,2.5191254741809495,5
skhigedl,iid,heterofl,1340,11,rpi5,1.0,rpi5 1,88.54026633403264,16.34995767216236,5
skhigedl,iid,heterofl,1340,12,rpi4,0.125,rpi4 1/8,93.15937979733572,2.6855190821951274,5
skhigedl,iid,heterofl,1340,12,rpi4,0.25,rpi4 1/4,173.08479341752826,80.32599208979329,5
skhigedl,iid,heterofl,1340,12,rpi5,0.5,rpi5 1/2,55.27256601378322,1.786686908028438,5
skhigedl,iid,heterofl,1340,12,rpi5,1.0,rpi5 1,88.79602123158983,14.896935375394168,5
skhigedl,iid,heterofl,1340,13,rpi4,0.125,rpi4 1/8,91.89249888556078,2.380424144133646,5
skhigedl,iid,heterofl,1340,13,rpi4,0.25,rpi4 1/4,172.4996174432803,81.2969204365832,5
skhigedl,iid,heterofl,1340,13,rpi5,0.5,rpi5 1/2,52.26541864119936,3.351995209303168,5
skhigedl,iid,heterofl,1340,13,rpi5,1.0,rpi5 1,89.8433845483698,13.92818318471739,5
skhigedl,iid,heterofl,1340,14,rpi4,0.125,rpi4 1/8,99.91382439187728,18.782322209273854,5
skhigedl,iid,heterofl,1340,14,rpi4,0.25,rpi4 1/4,173.17195230661892,80.91471277968581,5
skhigedl,iid,heterofl,1340,14,rpi5,0.5,rpi5 1/2,52.466552162566224,1.5864767978900132,5
skhigedl,iid,heterofl,1340,14,rpi5,1.0,rpi5 1,90.14381919875741,14.204143398571457,5
skhigedl,iid,heterofl,1340,15,rpi4,0.125,rpi4 1/8,93.52519803703763,4.777268480214774,5
skhigedl,iid,heterofl,1340,15,rpi4,0.25,rpi4 1/4,174.9291402472183,82.66372323139025,5
skhigedl,iid,heterofl,1340,15,rpi5,0.5,rpi5 1/2,52.70954632437788,3.585161497725904,5
skhigedl,iid,heterofl,1340,15,rpi5,1.0,rpi5 1,89.67030061739497,13.91455543068975,5
skhigedl,iid,heterofl,1340,16,rpi4,0.125,rpi4 1/8,96.67112510697916,11.30216100254536,5
skhigedl,iid,heterofl,1340,16,rpi4,0.25,rpi4 1/4,172.03684764145873,80.8655763546981,5
skhigedl,iid,heterofl,1340,16,rpi5,0.5,rpi5 1/2,49.8014067951357,2.7243188496637663,5
skhigedl,iid,heterofl,1340,16,rpi5,1.0,rpi5 1,88.19776240517385,11.130741181416367,5
skhigedl,iid,heterofl,1340,17,rpi4,0.125,rpi4 1/8,92.11704478096217,3.841583528308005,5
skhigedl,iid,heterofl,1340,17,rpi4,0.25,rpi4 1/4,175.38651968054472,84.13264767079282,5
skhigedl,iid,heterofl,1340,17,rpi5,0.5,rpi5 1/2,53.43429413293488,2.203890558189909,5
skhigedl,iid,heterofl,1340,17,rpi5,1.0,rpi5 1,90.1204389531631,13.626503316616807,5
skhigedl,iid,heterofl,1340,18,rpi4,0.125,rpi4 1/8,95.72270631636493,10.649095609557612,5
skhigedl,iid,heterofl,1340,18,rpi4,0.25,rpi4 1/4,172.91290806313046,80.53409805098866,5
skhigedl,iid,heterofl,1340,18,rpi5,0.5,rpi5 1/2,52.36301683820784,2.6435449575354344,5
skhigedl,iid,heterofl,1340,18,rpi5,1.0,rpi5 1,88.90699092480354,12.957011001538103,5
skhigedl,iid,heterofl,1340,19,rpi4,0.125,rpi4 1/8,91.73312881477177,2.349926635793511,5
skhigedl,iid,heterofl,1340,19,rpi4,0.25,rpi4 1/4,174.06813443610446,82.56588216881663,5
skhigedl,iid,heterofl,1340,19,rpi5,0.5,rpi5 1/2,48.59061579515692,2.66148329858759,5
skhigedl,iid,heterofl,1340,19,rpi5,1.0,rpi5 1,88.30143581074663,11.260314905128826,5
skhigedl,iid,heterofl,1340,20,rpi4,0.125,rpi4 1/8,93.54301162818447,5.849584351227886,5
skhigedl,iid,heterofl,1340,20,rpi4,0.25,rpi4 1/4,173.5427008947823,82.20370303253112,5
skhigedl,iid,heterofl,1340,20,rpi5,0.5,rpi5 1/2,49.58458086738828,2.3759722983347693,5
skhigedl,iid,heterofl,1340,20,rpi5,1.0,rpi5 1,88.50869069332256,11.807310502782709,5
y51ex006,iid,fiarse,1340,1,rpi4,0.125,rpi4 1/8,320.0808402430266,80.426335920365,5
y51ex006,iid,fiarse,1340,1,rpi4,0.25,rpi4 1/4,331.72018880117685,128.5430909220206,5
y51ex006,iid,fiarse,1340,1,rpi5,0.5,rpi5 1/2,130.2456771750003,19.90034258176213,5
y51ex006,iid,fiarse,1340,1,rpi5,1.0,rpi5 1,110.46990767149255,11.144610717994599,5
y51ex006,iid,fiarse,1340,2,rpi4,0.125,rpi4 1/8,280.6034375856631,66.56769358731759,5
y51ex006,iid,fiarse,1340,2,rpi4,0.25,rpi4 1/4,254.1562162843067,142.6613125209174,5
y51ex006,iid,fiarse,1340,2,rpi5,0.5,rpi5 1/2,69.35885701635853,22.65967813633979,5
y51ex006,iid,fiarse,1340,2,rpi5,1.0,rpi5 1,61.83397405883297,21.636065381244123,5
y51ex006,iid,fiarse,1340,3,rpi4,0.125,rpi4 1/8,216.8162833238486,84.25867374505467,5
y51ex006,iid,fiarse,1340,3,rpi4,0.25,rpi4 1/4,290.03503610640763,172.56864416125524,5
y51ex006,iid,fiarse,1340,3,rpi5,0.5,rpi5 1/2,52.95168191979174,2.5505554864698112,5
y51ex006,iid,fiarse,1340,3,rpi5,1.0,rpi5 1,50.49159544561989,2.4142691258811277,5
y51ex006,iid,fiarse,1340,4,rpi4,0.125,rpi4 1/8,246.032229075348,73.51848188865866,5
y51ex006,iid,fiarse,1340,4,rpi4,0.25,rpi4 1/4,287.24675601846536,208.85772432276445,5
y51ex006,iid,fiarse,1340,4,rpi5,0.5,rpi5 1/2,58.54623855981045,14.226926136857795,5
y51ex006,iid,fiarse,1340,4,rpi5,1.0,rpi5 1,66.07475959998555,9.637230218593398,5
y51ex006,iid,fiarse,1340,5,rpi4,0.125,rpi4 1/8,264.8764425273519,140.03525165885202,5
y51ex006,iid,fiarse,1340,5,rpi4,0.25,rpi4 1/4,289.79513468043876,131.94668710309463,5
y51ex006,iid,fiarse,1340,5,rpi5,0.5,rpi5 1/2,48.41232299963012,0.19618307476589503,5
y51ex006,iid,fiarse,1340,5,rpi5,1.0,rpi5 1,48.652713905833664,0.3824013916112793,5
y51ex006,iid,fiarse,1340,6,rpi4,0.125,rpi4 1/8,226.1293737928383,76.03866883766803,5
y51ex006,iid,fiarse,1340,6,rpi4,0.25,rpi4 1/4,279.4934797643684,209.21056936423497,5
y51ex006,iid,fiarse,1340,6,rpi5,0.5,rpi5 1/2,49.28894612442237,1.4489741501621238,5
y51ex006,iid,fiarse,1340,6,rpi5,1.0,rpi5 1,48.3516448602546,0.24739612168698927,5
y51ex006,iid,fiarse,1340,7,rpi4,0.125,rpi4 1/8,289.2173467526212,161.70962664186,5
y51ex006,iid,fiarse,1340,7,rpi4,0.25,rpi4 1/4,285.6392366063781,146.37108746882154,5
y51ex006,iid,fiarse,1340,7,rpi5,0.5,rpi5 1/2,56.67750317978207,12.095403580608805,5
y51ex006,iid,fiarse,1340,7,rpi5,1.0,rpi5 1,62.30658878795803,13.42283723308289,5
y51ex006,iid,fiarse,1340,8,rpi4,0.125,rpi4 1/8,272.5728805229999,120.68146997457686,5
y51ex006,iid,fiarse,1340,8,rpi4,0.25,rpi4 1/4,270.29315207102337,160.5157650830335,5
y51ex006,iid,fiarse,1340,8,rpi5,0.5,rpi5 1/2,52.84575855543371,2.3282378601411784,5
y51ex006,iid,fiarse,1340,8,rpi5,1.0,rpi5 1,49.90712193362415,2.5215074094441414,5
y51ex006,iid,fiarse,1340,9,rpi4,0.125,rpi4 1/8,247.14389985837042,71.11218616187313,5
y51ex006,iid,fiarse,1340,9,rpi4,0.25,rpi4 1/4,276.1073897115886,116.97829120929518,5
y51ex006,iid,fiarse,1340,9,rpi5,0.5,rpi5 1/2,50.591492270561865,3.0264837393134467,5
y51ex006,iid,fiarse,1340,9,rpi5,1.0,rpi5 1,50.06924853646196,2.0226940004248752,5
y51ex006,iid,fiarse,1340,10,rpi4,0.125,rpi4 1/8,263.0489067518618,87.79989723761057,5
y51ex006,iid,fiarse,1340,10,rpi4,0.25,rpi4 1/4,279.602662260551,143.85727246472393,5
y51ex006,iid,fiarse,1340,10,rpi5,0.5,rpi5 1/2,50.421594789996746,2.647236882026684,5
y51ex006,iid,fiarse,1340,10,rpi5,1.0,rpi5 1,50.714203359140086,3.5682707352422804,5
y51ex006,iid,fiarse,1340,11,rpi4,0.125,rpi4 1/8,241.60276678977533,74.15151577773085,5
y51ex006,iid,fiarse,1340,11,rpi4,0.25,rpi4 1/4,278.0248261047527,213.683635119604,5
y51ex006,iid,fiarse,1340,11,rpi5,0.5,rpi5 1/2,48.28893716339953,0.3434565344621851,5
y51ex006,iid,fiarse,1340,11,rpi5,1.0,rpi5 1,48.327525830781084,0.2971310369174061,5
y51ex006,iid,fiarse,1340,12,rpi4,0.125,rpi4 1/8,267.29924991754814,82.49767956588518,5
y51ex006,iid,fiarse,1340,12,rpi4,0.25,rpi4 1/4,276.6663672981784,166.04432614216705,5
y51ex006,iid,fiarse,1340,12,rpi5,0.5,rpi5 1/2,67.64932772223838,20.362044125848357,5
y51ex006,iid,fiarse,1340,12,rpi5,1.0,rpi5 1,48.54188387724571,0.20585033892804805,5
y51ex006,iid,fiarse,1340,13,rpi4,0.125,rpi4 1/8,247.14626163970678,69.30227628691777,5
y51ex006,iid,fiarse,1340,13,rpi4,0.25,rpi4 1/4,281.0019854796119,138.64093214550175,5
y51ex006,iid,fiarse,1340,13,rpi5,0.5,rpi5 1/2,52.56576709474903,2.470326312077718,5
y51ex006,iid,fiarse,1340,13,rpi5,1.0,rpi5 1,52.69571199016646,1.9260425451372574,5
y51ex006,iid,fiarse,1340,14,rpi4,0.125,rpi4 1/8,238.86408330113628,140.77834592264526,5
y51ex006,iid,fiarse,1340,14,rpi4,0.25,rpi4 1/4,281.71616567373275,126.03951720068618,5
y51ex006,iid,fiarse,1340,14,rpi5,0.5,rpi5 1/2,49.89990354001056,2.7361996247323486,5
y51ex006,iid,fiarse,1340,14,rpi5,1.0,rpi5 1,48.496370922075585,0.4036311821610579,5
y51ex006,iid,fiarse,1340,15,rpi4,0.125,rpi4 1/8,244.0368340948131,110.74478000638085,5
y51ex006,iid,fiarse,1340,15,rpi4,0.25,rpi4 1/4,270.3352985143662,161.27214198268663,5
y51ex006,iid,fiarse,1340,15,rpi5,0.5,rpi5 1/2,63.77047539735213,10.949701596821042,5
y51ex006,iid,fiarse,1340,15,rpi5,1.0,rpi5 1,56.09529370949603,11.676907876565002,5
y51ex006,iid,fiarse,1340,16,rpi4,0.125,rpi4 1/8,244.43086289661005,109.36190706872706,5
y51ex006,iid,fiarse,1340,16,rpi4,0.25,rpi4 1/4,316.42303177681754,231.06273036708765,5
y51ex006,iid,fiarse,1340,16,rpi5,0.5,rpi5 1/2,71.53961433356162,20.565337102158324,5
y51ex006,iid,fiarse,1340,16,rpi5,1.0,rpi5 1,59.11094638542272,9.837806312733196,5
y51ex006,iid,fiarse,1340,17,rpi4,0.125,rpi4 1/8,269.0332730049733,116.52283240144905,5
y51ex006,iid,fiarse,1340,17,rpi4,0.25,rpi4 1/4,295.711565773515,203.0637604292028,5
y51ex006,iid,fiarse,1340,17,rpi5,0.5,rpi5 1/2,67.35793488894123,29.725672815388144,5
y51ex006,iid,fiarse,1340,17,rpi5,1.0,rpi5 1,59.71468376815319,25.244900768410375,5
y51ex006,iid,fiarse,1340,18,rpi4,0.125,rpi4 1/8,245.11316767279058,108.02945774440143,5
y51ex006,iid,fiarse,1340,18,rpi4,0.25,rpi4 1/4,269.55488109723666,68.90620011082015,5
y51ex006,iid,fiarse,1340,18,rpi5,0.5,rpi5 1/2,57.34358063421678,12.483540650331111,5
y51ex006,iid,fiarse,1340,18,rpi5,1.0,rpi5 1,58.92654158263467,9.282578900715103,5
y51ex006,iid,fiarse,1340,19,rpi4,0.125,rpi4 1/8,257.29414533115926,98.53927833032165,5
y51ex006,iid,fiarse,1340,19,rpi4,0.25,rpi4 1/4,279.11902090278454,163.26466509577278,5
y51ex006,iid,fiarse,1340,19,rpi5,0.5,rpi5 1/2,49.6478822087869,2.0838796325888054,5
y51ex006,iid,fiarse,1340,19,rpi5,1.0,rpi5 1,48.614937853766605,0.17140025849260396,5
y51ex006,iid,fiarse,1340,20,rpi4,0.125,rpi4 1/8,269.5133120563347,53.03620085905163,5
y51ex006,iid,fiarse,1340,20,rpi4,0.25,rpi4 1/4,309.90021561677565,215.8182837170298,5
y51ex006,iid,fiarse,1340,20,rpi5,0.5,rpi5 1/2,51.67347297400702,1.994536173718775,5
y51ex006,iid,fiarse,1340,20,rpi5,1.0,rpi5 1,50.04602507688105,1.811034041528529,5
