run_id,regime,method,seed,server_round,device_type,model_rate,group_label,mean_train_duration_s,std_train_duration_s,num_clients
bbvgjhlc,noniid,fedrolex,1338,1,rpi4,0.125,rpi4 1/8,12.661580421030521,0.3149511784761126,2
bbvgjhlc,noniid,fedrolex,1338,1,rpi4,0.25,rpi4 1/4,15.104888628004119,0.3142467049338735,2
bbvgjhlc,noniid,fedrolex,1338,1,rpi5,0.5,rpi5 1/2,8.683581820281688,1.9292648502838878,4
bbvgjhlc,noniid,fedrolex,1338,1,rpi5,1.0,rpi5 1,9.965083553979639,1.630841279838136,2
bbvgjhlc,noniid,fedrolex,1338,2,rpi4,0.125,rpi4 1/8,16.22768771793926,11.809482686628744,2
bbvgjhlc,noniid,fedrolex,1338,2,rpi4,0.25,rpi4 1/4,9.84844204732993,1.317684190816565,3
bbvgjhlc,noniid,fedrolex,1338,2,rpi5,0.5,rpi5 1/2,4.180535936495289,0.08107834210166967,2
bbvgjhlc,noniid,fedrolex,1338,2,rpi5,1.0,rpi5 1,3.592953444691375,2.2946530299067627,3
bbvgjhlc,noniid,fedrolex,1338,3,rpi4,0.125,rpi4 1/8,11.37645036765995,7.9049158986256005,3
bbvgjhlc,noniid,fedrolex,1338,3,rpi4,0.25,rpi4 1/4,10.223610497487243,0.029003736170176677,2
bbvgjhlc,noniid,fedrolex,1338,3,rpi5,0.5,rpi5 1/2,3.3859287179851285,0.7476319602312544,3
bbvgjhlc,noniid,fedrolex,1338,3,rpi5,1.0,rpi5 1,5.230904780444689,0.27381355782014455,2
bbvgjhlc,noniid,fedrolex,1338,4,rpi4,0.125,rpi4 1/8,7.860054766526446,0.20347402445435003,2
bbvgjhlc,noniid,fedrolex,1338,4,rpi4,0.25,rpi4 1/4,9.521873943973333,2.156673487225616,3
bbvgjhlc,noniid,fedrolex,1338,4,rpi5,0.5,rpi5 1/2,2.881746888248017,1.1601867139131272,4
bbvgjhlc,noniid,fedrolex,1338,4,rpi5,1.0,rpi5 1,5.432722249999642,0.0,1
bbvgjhlc,noniid,fedrolex,1338,5,rpi4,0.125,rpi4 1/8,7.6052251663059,1.5479543615243503,3
bbvgjhlc,noniid,fedrolex,1338,5,rpi4,0.25,rpi4 1/4,10.565542524971534,0.38332278831010425,2
bbvgjhlc,noniid,fedrolex,1338,5,rpi5,0.5,rpi5 1/2,3.914021081640385,0.3139605360343981,3
bbvgjhlc,noniid,fedrolex,1338,5,rpi5,1.0,rpi5 1,3.1232275659567676,3.296993725660883,2
bbvgjhlc,noniid,fedrolex,1338,6,rpi4,0.125,rpi4 1/8,9.881583956652321,4.873838793363702,3
bbvgjhlc,noniid,fedrolex,1338,6,rpi4,0.25,rpi4 1/4,6.957842133007944,0.0,1
bbvgjhlc,noniid,fedrolex,1338,6,rpi5,0.5,rpi5 1/2,3.420463026695264,0.7430434961177056,3
bbvgjhlc,noniid,fedrolex,1338,6,rpi5,1.0,rpi5 1,4.445329889655113,1.3553637854015352,3
bbvgjhlc,noniid,fedrolex,1338,7,rpi4,0.125,rpi4 1/8,6.895216325006913,1.1676177727919257,2
bbvgjhlc,noniid,fedrolex,1338,7,rpi4,0.25,rpi4 1/4,8.921669152972754,2.71172854657579,2
bbvgjhlc,noniid,fedrolex,1338,7,rpi5,0.5,rpi5 1/2,3.585828795990286,0.8465585358995399,3
bbvgjhlc,noniid,fedrolex,1338,7,rpi5,1.0,rpi5 1,3.8076024133479223,2.423487433123016,3
bbvgjhlc,noniid,fedrolex,1338,8,rpi4,0.125,rpi4 1/8,19.997561397962272,0.0,1
bbvgjhlc,noniid,fedrolex,1338,8,rpi4,0.25,rpi4 1/4,8.958815833980529,2.8155796040015826,3
bbvgjhlc,noniid,fedrolex,1338,8,rpi5,0.5,rpi5 1/2,2.7148274276793622,1.3578917565332207,3
bbvgjhlc,noniid,fedrolex,1338,8,rpi5,1.0,rpi5 1,2.9172655940055847,2.1252572169175865,3
bbvgjhlc,noniid,fedrolex,1338,9,rpi4,0.125,rpi4 1/8,8.378848337956393,2.775079910776913,3
bbvgjhlc,noniid,fedrolex,1338,9,rpi4,0.25,rpi4 1/4,7.0368763449951075,1.91552468588526,2
bbvgjhlc,noniid,fedrolex,1338,9,rpi5,0.5,rpi5 1/2,2.4264281630166806,1.4759932371711333,2
bbvgjhlc,noniid,fedrolex,1338,9,rpi5,1.0,rpi5 1,1.5791134246780227,1.1763680553074773,3
bbvgjhlc,noniid,fedrolex,1338,10,rpi4,0.125,rpi4 1/8,13.940385067020543,8.55648016676485,2
bbvgjhlc,noniid,fedrolex,1338,10,rpi4,0.25,rpi4 1/4,10.67676171491621,0.29945439167928095,2
bbvgjhlc,noniid,fedrolex,1338,10,rpi5,0.5,rpi5 1/2,3.627106576032626,0.8381656260142074,3
bbvgjhlc,noniid,fedrolex,1338,10,rpi5,1.0,rpi5 1,1.5471529826754704,1.1198514783971283,3
bbvgjhlc,noniid,fedrolex,1338,11,rpi4,0.125,rpi4 1/8,8.402907237643376,0.7061354032951769,3
bbvgjhlc,noniid,fedrolex,1338,11,rpi4,0.25,rpi4 1/4,8.569310421667373,1.7079577314199148,3
bbvgjhlc,noniid,fedrolex,1338,11,rpi5,0.5,rpi5 1/2,3.4048112533443295,0.7477906097896299,3
bbvgjhlc,noniid,fedrolex,1338,11,rpi5,1.0,rpi5 1,0.7887770870001987,0.0,1
bbvgjhlc,noniid,fedrolex,1338,12,rpi4,0.125,rpi4 1/8,17.125263501075096,0.0,1
bbvgjhlc,noniid,fedrolex,1338,12,rpi4,0.25,rpi4 1/4,7.683165883334975,2.4250126791810547,3
bbvgjhlc,noniid,fedrolex,1338,12,rpi5,0.5,rpi5 1/2,2.7391879589413293,1.9124919078201683,2
bbvgjhlc,noniid,fedrolex,1338,12,rpi5,1.0,rpi5 1,2.4339339529979043,1.9981844215187603,4
bbvgjhlc,noniid,fedrolex,1338,13,rpi4,0.125,rpi4 1/8,10.461754686490167,6.546103648362448,4
bbvgjhlc,noniid,fedrolex,1338,13,rpi4,0.25,rpi4 1/4,10.376857564086094,0.0,1
bbvgjhlc,noniid,fedrolex,1338,13,rpi5,0.5,rpi5 1/2,3.581228584283963,0.8184932898234173,3
bbvgjhlc,noniid,fedrolex,1338,13,rpi5,1.0,rpi5 1,3.2538868539850228,3.166296410331784,2
bbvgjhlc,noniid,fedrolex,1338,14,rpi4,0.125,rpi4 1/8,12.452963723645857,7.085906310014436,3
bbvgjhlc,noniid,fedrolex,1338,14,rpi4,0.25,rpi4 1/4,7.8760277073597535,2.690929395849245,3
bbvgjhlc,noniid,fedrolex,1338,14,rpi5,0.5,rpi5 1/2,2.655445998068899,0.0,1
bbvgjhlc,noniid,fedrolex,1338,14,rpi5,1.0,rpi5 1,2.369725782695847,2.562732970863308,3
bbvgjhlc,noniid,fedrolex,1338,15,rpi4,0.125,rpi4 1/8,7.5352049643406644,1.5641460142044668,3
bbvgjhlc,noniid,fedrolex,1338,15,rpi4,0.25,rpi4 1/4,6.981687111663632,1.3541731928752674,3
bbvgjhlc,noniid,fedrolex,1338,15,rpi5,0.5,rpi5 1/2,2.7386488594929688,1.903774805040564,2
bbvgjhlc,noniid,fedrolex,1338,15,rpi5,1.0,rpi5 1,0.9080834819469601,0.18224269011623961,2
bbvgjhlc,noniid,fedrolex,1338,16,rpi4,0.125,rpi4 1/8,8.060806889494415,0.2469929692984626,2
bbvgjhlc,noniid,fedrolex,1338,16,rpi4,0.25,rpi4 1/4,6.992450484656729,1.3165922821072622,3
bbvgjhlc,noniid,fedrolex,1338,16,rpi5,0.5,rpi5 1/2,3.467847344931215,0.0,1
bbvgjhlc,noniid,fedrolex,1338,16,rpi5,1.0,rpi5 1,2.5050319997535553,2.152403504197122,4
bbvgjhlc,noniid,fedrolex,1338,17,rpi4,0.125,rpi4 1/8,13.989093425450847,8.580647578163227,2
bbvgjhlc,noniid,fedrolex,1338,17,rpi4,0.25,rpi4 1/4,8.759242231297927,1.868621116940263,3
bbvgjhlc,noniid,fedrolex,1338,17,rpi5,0.5,rpi5 1/2,3.4906856840243563,0.0,1
bbvgjhlc,noniid,fedrolex,1338,17,rpi5,1.0,rpi5 1,3.606153080036165,2.0627135124230342,4
bbvgjhlc,noniid,fedrolex,1338,18,rpi4,0.125,rpi4 1/8,8.175531663000584,0.0,1
bbvgjhlc,noniid,fedrolex,1338,18,rpi4,0.25,rpi4 1/4,9.122854178276611,1.727722519569427,4
bbvgjhlc,noniid,fedrolex,1338,18,rpi5,0.5,rpi5 1/2,3.4207913232967257,0.7779017731145714,3
bbvgjhlc,noniid,fedrolex,1338,18,rpi5,1.0,rpi5 1,2.9095701139303856,3.008664113595654,2
bbvgjhlc,noniid,fedrolex,1338,19,rpi4,0.125,rpi4 1/8,8.54721144551877,1.0153221841828204,2
bbvgjhlc,noniid,fedrolex,1338,19,rpi4,0.25,rpi4 1/4,8.254390298505314,3.6731430041213273,2
bbvgjhlc,noniid,fedrolex,1338,19,rpi5,0.5,rpi5 1/2,3.145933076203801,1.1482073130226709,5
bbvgjhlc,noniid,fedrolex,1338,19,rpi5,1.0,rpi5 1,5.029598979977891,0.0,1
bbvgjhlc,noniid,fedrolex,1338,20,rpi4,0.125,rpi4 1/8,7.700078508350998,1.6222376062501556,3
bbvgjhlc,noniid,fedrolex,1338,20,rpi4,0.25,rpi4 1/4,9.365969140664674,2.0185060777765136,3
bbvgjhlc,noniid,fedrolex,1338,20,rpi5,0.5,rpi5 1/2,3.5788634076792127,0.8516579706830512,3
bbvgjhlc,noniid,fedrolex,1338,20,rpi5,1.0,rpi5 1,0.9971409230493009,0.0,1
bbvgjhlc,noniid,fedrolex,1338,21,rpi4,0.125,rpi4 1/8,14.296717569523025,8.956193958303432,2
bbvgjhlc,noniid,fedrolex,1338,21,rpi4,0.25,rpi4 1/4,7.951052263728343,2.105754775832074,4
bbvgjhlc,noniid,fedrolex,1338,21,rpi5,0.5,rpi5 1/2,3.9034675953444093,0.3919135787307926,3
bbvgjhlc,noniid,fedrolex,1338,21,rpi5,1.0,rpi5 1,1.0070966070052236,0.0,1
bbvgjhlc,noniid,fedrolex,1338,22,rpi4,0.125,rpi4 1/8,14.415715778479353,9.376914713456445,2
bbvgjhlc,noniid,fedrolex,1338,22,rpi4,0.25,rpi4 1/4,8.11309645899261,2.3614675299154424,3
bbvgjhlc,noniid,fedrolex,1338,22,rpi5,0.5,rpi5 1/2,2.633617006940767,0.0,1
bbvgjhlc,noniid,fedrolex,1338,22,rpi5,1.0,rpi5 1,3.5652558919682633,2.046731730753823,4
bbvgjhlc,noniid,fedrolex,1338,23,rpi4,0.125,rpi4 1/8,12.416178941066997,6.8737935293283865,3
bbvgjhlc,noniid,fedrolex,1338,23,rpi4,0.25,rpi4 1/4,8.56572077369007,1.6656282997188057,3
bbvgjhlc,noniid,fedrolex,1338,23,rpi5,0.5,rpi5 1/2,3.3652532115229405,0.986755293512014,2
bbvgjhlc,noniid,fedrolex,1338,23,rpi5,1.0,rpi5 1,3.1778646794264205,3.0680508817247416,2
bbvgjhlc,noniid,fedrolex,1338,24,rpi4,0.125,rpi4 1/8,11.326868366682902,7.572308218395088,3
bbvgjhlc,noniid,fedrolex,1338,24,rpi4,0.25,rpi4 1/4,8.761846645657593,1.953098487458249,3
bbvgjhlc,noniid,fedrolex,1338,24,rpi5,0.5,rpi5 1/2,3.391253443493042,1.0986228956091093,2
bbvgjhlc,noniid,fedrolex,1338,24,rpi5,1.0,rpi5 1,4.194743067026138,1.8005742653131351,2
bbvgjhlc,noniid,fedrolex,1338,25,rpi4,0.125,rpi4 1/8,10.798130821727682,6.418378850396857,4
bbvgjhlc,noniid,fedrolex,1338,25,rpi4,0.25,rpi4 1/4,8.758826953475364,2.360612893068848,2
bbvgjhlc,noniid,fedrolex,1338,25,rpi5,0.5,rpi5 1/2,1.4023714869981632,0.0,1
bbvgjhlc,noniid,fedrolex,1338,25,rpi5,1.0,rpi5 1,2.8785367420641705,2.1072353907618857,3
bbvgjhlc,noniid,fedrolex,1338,26,rpi4,0.125,rpi4 1/8,13.884762183530256,8.709132570017221,2
bbvgjhlc,noniid,fedrolex,1338,26,rpi4,0.25,rpi4 1/4,7.667819060967304,2.3790369215249076,3
bbvgjhlc,noniid,fedrolex,1338,26,rpi5,0.5,rpi5 1/2,3.7764054635190405,0.4052560053117232,2
bbvgjhlc,noniid,fedrolex,1338,26,rpi5,1.0,rpi5 1,4.451981449654947,1.385062485531173,3
bbvgjhlc,noniid,fedrolex,1338,27,rpi4,0.125,rpi4 1/8,14.11580506595783,8.812827506189436,2
bbvgjhlc,noniid,fedrolex,1338,27,rpi4,0.25,rpi4 1/4,8.573901809363937,1.6884091590166883,3
bbvgjhlc,noniid,fedrolex,1338,27,rpi5,0.5,rpi5 1/2,2.6956319420132786,1.3587978767865232,3
bbvgjhlc,noniid,fedrolex,1338,27,rpi5,1.0,rpi5 1,3.9201859164750203,1.5032236413974915,2
bbvgjhlc,noniid,fedrolex,1338,28,rpi4,0.125,rpi4 1/8,7.68319721124135,1.3362099855402385,4
bbvgjhlc,noniid,fedrolex,1338,28,rpi4,0.25,rpi4 1/4,8.24935651855776,3.6705028908747,2
bbvgjhlc,noniid,fedrolex,1338,28,rpi5,0.5,rpi5 1/2,2.908381721499609,1.1656588362930236,4
bbvgjhlc,noniid,fedrolex,1338,29,rpi4,0.125,rpi4 1/8,7.928953998489305,0.4000794250806287,2
bbvgjhlc,noniid,fedrolex,1338,29,rpi4,0.25,rpi4 1/4,7.698719859472476,0.9240523933144336,2
bbvgjhlc,noniid,fedrolex,1338,29,rpi5,0.5,rpi5 1/2,3.3222837240318768,1.0383516330586278,2
bbvgjhlc,noniid,fedrolex,1338,29,rpi5,1.0,rpi5 1,3.571390585770132,2.057021414772461,4
bbvgjhlc,noniid,fedrolex,1338,30,rpi4,0.125,rpi4 1/8,8.379234671010636,0.0,1
bbvgjhlc,noniid,fedrolex,1338,30,rpi4,0.25,rpi4 1/4,7.96274626426748,2.160660440143792,4
bbvgjhlc,noniid,fedrolex,1338,30,rpi5,0.5,rpi5 1/2,4.1218613075325266,0.05385739251649445,2
bbvgjhlc,noniid,fedrolex,1338,30,rpi5,1.0,rpi5 1,3.096844464346456,2.211873282829258,3
bbvgjhlc,noniid,fedrolex,1338,31,rpi4,0.125,rpi4 1/8,7.5931811810296495,1.3548320262318814,4
bbvgjhlc,noniid,fedrolex,1338,31,rpi4,0.25,rpi4 1/4,9.887403116639083,1.3012181755350982,3
bbvgjhlc,noniid,fedrolex,1338,31,rpi5,0.5,rpi5 1/2,3.4596943259239197,0.0,1
bbvgjhlc,noniid,fedrolex,1338,31,rpi5,1.0,rpi5 1,3.034317589539569,2.861800487954658,2
bbvgjhlc,noniid,fedrolex,1338,32,rpi4,0.125,rpi4 1/8,11.547430871364972,8.218761389362042,3
bbvgjhlc,noniid,fedrolex,1338,32,rpi4,0.25,rpi4 1/4,9.418526838960437,2.0536062982232566,3
bbvgjhlc,noniid,fedrolex,1338,32,rpi5,0.5,rpi5 1/2,3.483571568969637,0.0,1
bbvgjhlc,noniid,fedrolex,1338,32,rpi5,1.0,rpi5 1,2.2464084170060232,2.3645429924137327,3
bbvgjhlc,noniid,fedrolex,1338,33,rpi4,0.125,rpi4 1/8,14.59707526996499,7.632597051246058,2
bbvgjhlc,noniid,fedrolex,1338,33,rpi4,0.25,rpi4 1/4,8.97570946952328,2.788122149162233,2
bbvgjhlc,noniid,fedrolex,1338,33,rpi5,0.5,rpi5 1/2,3.1911191346977525,1.5608642619562063,3
bbvgjhlc,noniid,fedrolex,1338,33,rpi5,1.0,rpi5 1,1.554131606942974,1.1461683300141514,3
bbvgjhlc,noniid,fedrolex,1338,34,rpi4,0.125,rpi4 1/8,10.795178501983173,6.511429486222368,4
bbvgjhlc,noniid,fedrolex,1338,34,rpi4,0.25,rpi4 1/4,6.971734721097164,0.0,1
bbvgjhlc,noniid,fedrolex,1338,34,rpi5,0.5,rpi5 1/2,2.716600787321416,1.3607425394981545,3
bbvgjhlc,noniid,fedrolex,1338,34,rpi5,1.0,rpi5 1,5.214752358500846,0.09474280165652561,2
bbvgjhlc,noniid,fedrolex,1338,35,rpi4,0.125,rpi4 1/8,12.39722843763108,6.89004835347692,3
bbvgjhlc,noniid,fedrolex,1338,35,rpi4,0.25,rpi4 1/4,7.689743543703419,2.4350100600879947,3
bbvgjhlc,noniid,fedrolex,1338,35,rpi5,0.5,rpi5 1/2,2.904631958488608,1.1784864992324091,4
bbvgjhlc,noniid,fedrolex,1338,36,rpi4,0.125,rpi4 1/8,8.020030321524246,1.8431693436863263,4
bbvgjhlc,noniid,fedrolex,1338,36,rpi4,0.25,rpi4 1/4,7.102169059643832,1.3929337908167065,3
bbvgjhlc,noniid,fedrolex,1338,36,rpi5,0.5,rpi5 1/2,3.204833290694902,1.5595900077289213,3
bbvgjhlc,noniid,fedrolex,1338,37,rpi4,0.125,rpi4 1/8,13.044107109017204,10.288191883569464,2
bbvgjhlc,noniid,fedrolex,1338,37,rpi4,0.25,rpi4 1/4,9.40836681833025,2.1240329239240254,3
bbvgjhlc,noniid,fedrolex,1338,37,rpi5,0.5,rpi5 1/2,3.256408393732272,1.27317130263056,4
bbvgjhlc,noniid,fedrolex,1338,37,rpi5,1.0,rpi5 1,5.039871662040241,0.0,1
bbvgjhlc,noniid,fedrolex,1338,38,rpi4,0.125,rpi4 1/8,10.587232089281315,6.538309862391599,4
bbvgjhlc,noniid,fedrolex,1338,38,rpi4,0.25,rpi4 1/4,8.696442048007157,2.3921781533481123,2
bbvgjhlc,noniid,fedrolex,1338,38,rpi5,0.5,rpi5 1/2,2.7513948775012977,1.917954941988299,2
bbvgjhlc,noniid,fedrolex,1338,38,rpi5,1.0,rpi5 1,3.232359687972348,3.14677308460284,2
bbvgjhlc,noniid,fedrolex,1338,39,rpi4,0.125,rpi4 1/8,7.6458409060142,1.2619736109919604,4
bbvgjhlc,noniid,fedrolex,1338,39,rpi4,0.25,rpi4 1/4,6.293543025036342,0.9527749753491378,2
bbvgjhlc,noniid,fedrolex,1338,39,rpi5,0.5,rpi5 1/2,4.0874201559927315,0.0,1
bbvgjhlc,noniid,fedrolex,1338,39,rpi5,1.0,rpi5 1,2.9961213999583074,2.3051482882554932,3
bbvgjhlc,noniid,fedrolex,1338,40,rpi4,0.125,rpi4 1/8,10.191332600824534,5.747992241660108,5
bbvgjhlc,noniid,fedrolex,1338,40,rpi4,0.25,rpi4 1/4,8.220139839977492,3.6558518257858563,2
bbvgjhlc,noniid,fedrolex,1338,40,rpi5,0.5,rpi5 1/2,4.085241313907318,0.0,1
bbvgjhlc,noniid,fedrolex,1338,40,rpi5,1.0,rpi5 1,5.172504344023764,0.2512546092784699,2
jztd8rhr,iid,fiarse,1338,1,rpi4,0.125,rpi4 1/8,31.862271043611692,10.704005429617158,5
jztd8rhr,iid,fiarse,1338,1,rpi4,0.25,rpi4 1/4,27.65032733762637,8.984836996380954,5
jztd8rhr,iid,fiarse,1338,1,rpi5,0.5,rpi5 1/2,12.014428080385551,1.5731178731269722,5
jztd8rhr,iid,fiarse,1338,1,rpi5,1.0,rpi5 1,10.95472311177291,1.2241254839077238,5
jztd8rhr,iid,fiarse,1338,2,rpi4,0.125,rpi4 1/8,25.199622034979985,10.996636101990626,5
jztd8rhr,iid,fiarse,1338,2,rpi4,0.25,rpi4 1/4,20.971961460402234,8.666945039750994,5
jztd8rhr,iid,fiarse,1338,2,rpi5,0.5,rpi5 1/2,4.6250203945674,0.0764115614548466,5
jztd8rhr,iid,fiarse,1338,2,rpi5,1.0,rpi5 1,4.592456649057567,0.03983953648081551,5
jztd8rhr,iid,fiarse,1338,3,rpi4,0.125,rpi4 1/8,25.216463951393962,11.067731541132073,5
jztd8rhr,iid,fiarse,1338,3,rpi4,0.25,rpi4 1/4,21.067258670786394,8.649157135208604,5
jztd8rhr,iid,fiarse,1338,3,rpi5,0.5,rpi5 1/2,4.55359414878767,0.04229067683845971,5
jztd8rhr,iid,fiarse,1338,3,rpi5,1.0,rpi5 1,4.563738284585997,0.016153048168317086,5
jztd8rhr,iid,fiarse,1338,4,rpi4,0.125,rpi4 1/8,25.302060733409597,11.047025161744784,5
jztd8rhr,iid,fiarse,1338,4,rpi4,0.25,rpi4 1/4,21.08694154843688,8.7489149187295,5
jztd8rhr,iid,fiarse,1338,4,rpi5,0.5,rpi5 1/2,4.558755945810117,0.05038709615246339,5
jztd8rhr,iid,fiarse,1338,4,rpi5,1.0,rpi5 1,4.564630273589865,0.028734246703098456,5
jztd8rhr,iid,fiarse,1338,5,rpi4,0.125,rpi4 1/8,25.24934513203334,11.07853705812035,5
jztd8rhr,iid,fiarse,1338,5,rpi4,0.25,rpi4 1/4,20.961764564202166,8.63517011115567,5
jztd8rhr,iid,fiarse,1338,5,rpi5,0.5,rpi5 1/2,4.574492518417538,0.055557021318607576,5
jztd8rhr,iid,fiarse,1338,5,rpi5,1.0,rpi5 1,4.580646333633922,0.05631604411520999,5
jztd8rhr,iid,fiarse,1338,6,rpi4,0.125,rpi4 1/8,25.267319992627016,11.067384336148143,5
jztd8rhr,iid,fiarse,1338,6,rpi4,0.25,rpi4 1/4,20.973077564802953,8.595923490580459,5
jztd8rhr,iid,fiarse,1338,6,rpi5,0.5,rpi5 1/2,4.552812071796507,0.016736656081002978,5
jztd8rhr,iid,fiarse,1338,6,rpi5,1.0,rpi5 1,4.59397688920144,0.036698659517401165,5
jztd8rhr,iid,fiarse,1338,7,rpi4,0.125,rpi4 1/8,25.16581936860457,11.015527947443353,5
jztd8rhr,iid,fiarse,1338,7,rpi4,0.25,rpi4 1/4,21.35516772698611,8.571890668704313,5
jztd8rhr,iid,fiarse,1338,7,rpi5,0.5,rpi5 1/2,4.549976423801854,0.044398676321647276,5
jztd8rhr,iid,fiarse,1338,7,rpi5,1.0,rpi5 1,4.566321921022609,0.0419596892379515,5
jztd8rhr,iid,fiarse,1338,8,rpi4,0.125,rpi4 1/8,25.249488143762573,11.063694826078393,5
jztd8rhr,iid,fiarse,1338,8,rpi4,0.25,rpi4 1/4,21.48129972841125,8.67861640525266,5
jztd8rhr,iid,fiarse,1338,8,rpi5,0.5,rpi5 1/2,4.536239154031501,0.029183475409274635,5
jztd8rhr,iid,fiarse,1338,8,rpi5,1.0,rpi5 1,4.599836298590526,0.046559686263967615,5
jztd8rhr,iid,fiarse,1338,9,rpi4,0.125,rpi4 1/8,25.213115597027354,11.024111522203984,5
jztd8rhr,iid,fiarse,1338,9,rpi4,0.25,rpi4 1/4,21.034841180033983,8.66693609382553,5
jztd8rhr,iid,fiarse,1338,9,rpi5,0.5,rpi5 1/2,4.586611369834282,0.03582265135597456,5
jztd8rhr,iid,fiarse,1338,9,rpi5,1.0,rpi5 1,4.566953727207147,0.04979133013269365,5
jztd8rhr,iid,fiarse,1338,10,rpi4,0.125,rpi4 1/8,25.097983793751336,10.95540946321908,5
jztd8rhr,iid,fiarse,1338,10,rpi4,0.25,rpi4 1/4,21.046093490184283,8.725397683724534,5
jztd8rhr,iid,fiarse,1338,10,rpi5,0.5,rpi5 1/2,4.558506771642715,0.06976929225030697,5
jztd8rhr,iid,fiarse,1338,10,rpi5,1.0,rpi5 1,4.58279472941067,0.047283411835208344,5
jztd8rhr,iid,fiarse,1338,11,rpi4,0.125,rpi4 1/8,25.132850853796118,10.909378740408997,5
jztd8rhr,iid,fiarse,1338,11,rpi4,0.25,rpi4 1/4,21.07094976438675,8.727344089492767,5
jztd8rhr,iid,fiarse,1338,11,rpi5,0.5,rpi5 1/2,4.586407367396168,0.06459986635544383,5
jztd8rhr,iid,fiarse,1338,11,rpi5,1.0,rpi5 1,4.565538680786267,0.04823031179542982,5
jztd8rhr,iid,fiarse,1338,12,rpi4,0.125,rpi4 1/8,25.182493661390616,10.870825440509034,5
jztd8rhr,iid,fiarse,1338,12,rpi4,0.25,rpi4 1/4,21.15261335261166,8.673165409014329,5
jztd8rhr,iid,fiarse,1338,12,rpi5,0.5,rpi5 1/2,4.500452947011217,0.03875142093486122,5
jztd8rhr,iid,fiarse,1338,12,rpi5,1.0,rpi5 1,4.565479924739338,0.04644329464742995,5
jztd8rhr,iid,fiarse,1338,13,rpi4,0.125,rpi4 1/8,25.14015793458093,10.819715391192085,5
jztd8rhr,iid,fiarse,1338,13,rpi4,0.25,rpi4 1/4,21.061241734586655,8.644929507195453,5
jztd8rhr,iid,fiarse,1338,13,rpi5,0.5,rpi5 1/2,4.55296082100831,0.028606137190022855,5
jztd8rhr,iid,fiarse,1338,13,rpi5,1.0,rpi5 1,4.555991759779863,0.045894911237130215,5
jztd8rhr,iid,fiarse,1338,14,rpi4,0.125,rpi4 1/8,25.177476908988318,10.862258847709281,5
jztd8rhr,iid,fiarse,1338,14,rpi4,0.25,rpi4 1/4,21.01700967082288,8.51483839866909,5
jztd8rhr,iid,fiarse,1338,14,rpi5,0.5,rpi5 1/2,4.5652662760112435,0.062186323254319886,5
jztd8rhr,iid,fiarse,1338,14,rpi5,1.0,rpi5 1,4.540947117819451,0.05623143545813497,5
jztd8rhr,iid,fiarse,1338,15,rpi4,0.125,rpi4 1/8,25.167822321411222,10.969273543929146,5
jztd8rhr,iid,fiarse,1338,15,rpi4,0.25,rpi4 1/4,20.94728411480319,8.611296354173716,5
jztd8rhr,iid,fiarse,1338,15,rpi5,0.5,rpi5 1/2,4.55914990217425,0.059555696861784815,5
jztd8rhr,iid,fiarse,1338,15,rpi5,1.0,rpi5 1,4.570001997402869,0.025598321709969167,5
jztd8rhr,iid,fiarse,1338,16,rpi4,0.125,rpi4 1/8,25.06487397539895,10.90985528451965,5
jztd8rhr,iid,fiarse,1338,16,rpi4,0.25,rpi4 1/4,21.06417614801321,8.620250949732004,5
jztd8rhr,iid,fiarse,1338,16,rpi5,0.5,rpi5 1/2,4.565857134992257,0.07531365895435277,5
jztd8rhr,iid,fiarse,1338,16,rpi5,1.0,rpi5 1,4.5545198721811175,0.013074888383081603,5
jztd8rhr,iid,fiarse,1338,17,rpi4,0.125,rpi4 1/8,25.03958275585901,10.922340357922764,5
jztd8rhr,iid,fiarse,1338,17,rpi4,0.25,rpi4 1/4,21.07691174480133,8.726209399262537,5
jztd8rhr,iid,fiarse,1338,17,rpi5,0.5,rpi5 1/2,4.5633529921527956,0.07747335244023851,5
jztd8rhr,iid,fiarse,1338,17,rpi5,1.0,rpi5 1,4.568866445799358,0.015198964093407194,5
jztd8rhr,iid,fiarse,1338,18,rpi4,0.125,rpi4 1/8,25.128400987572967,10.918526594760765,5
jztd8rhr,iid,fiarse,1338,18,rpi4,0.25,rpi4 1/4,21.060099598602392,8.754042915262962,5
jztd8rhr,iid,fiarse,1338,18,rpi5,0.5,rpi5 1/2,4.583287231787108,0.0718089822080218,5
jztd8rhr,iid,fiarse,1338,18,rpi5,1.0,rpi5 1,4.553894590423442,0.062064212586806985,5
jztd8rhr,iid,fiarse,1338,19,rpi4,0.125,rpi4 1/8,25.222069967002607,11.115964141665449,5
jztd8rhr,iid,fiarse,1338,19,rpi4,0.25,rpi4 1/4,21.04631990082562,8.842067652355684,5
jztd8rhr,iid,fiarse,1338,19,rpi5,0.5,rpi5 1/2,4.553720410191454,0.036420432154051094,5
jztd8rhr,iid,fiarse,1338,19,rpi5,1.0,rpi5 1,4.567359451786615,0.03644370152715892,5
jztd8rhr,iid,fiarse,1338,20,rpi4,0.125,rpi4 1/8,25.252693967614324,11.03898452592832,5
jztd8rhr,iid,fiarse,1338,20,rpi4,0.25,rpi4 1/4,20.98445183043368,8.642448702019621,5
jztd8rhr,iid,fiarse,1338,20,rpi5,0.5,rpi5 1/2,4.593350549973548,0.06224446407736826,5
jztd8rhr,iid,fiarse,1338,20,rpi5,1.0,rpi5 1,4.557035168400034,0.03827612347198167,5
kz2joewu,noniid,fiarse,1338,1,rpi4,0.125,rpi4 1/8,23.773341692712467,0.1911513543255548,3
kz2joewu,noniid,fiarse,1338,1,rpi4,0.25,rpi4 1/4,19.74029425997287,0.0,1
kz2joewu,noniid,fiarse,1338,1,rpi5,0.5,rpi5 1/2,9.85066077351803,3.377586378840206,2
kz2joewu,noniid,fiarse,1338,1,rpi5,1.0,rpi5 1,9.513682824297575,3.1053843745405154,4
kz2joewu,noniid,fiarse,1338,2,rpi4,0.125,rpi4 1/8,17.738212824973743,1.0329077608893178,2
kz2joewu,noniid,fiarse,1338,2,rpi4,0.25,rpi4 1/4,21.183523915320013,6.2303317445644275,3
kz2joewu,noniid,fiarse,1338,2,rpi5,0.5,rpi5 1/2,6.118603099991257,2.90128849326628,3
kz2joewu,noniid,fiarse,1338,2,rpi5,1.0,rpi5 1,1.7867055855458602,1.025516388464395,2
kz2joewu,noniid,fiarse,1338,3,rpi4,0.125,rpi4 1/8,29.173822712657664,18.088623699203758,3
kz2joewu,noniid,fiarse,1338,3,rpi4,0.25,rpi4 1/4,19.68093985672264,4.499537530388083,3
kz2joewu,noniid,fiarse,1338,3,rpi5,0.5,rpi5 1/2,4.594385987235,2.8046196813405095,4
kz2joewu,noniid,fiarse,1338,4,rpi4,0.125,rpi4 1/8,18.414768464979716,0.0,1
kz2joewu,noniid,fiarse,1338,4,rpi4,0.25,rpi4 1/4,19.540939638204872,4.845793066290598,5
kz2joewu,noniid,fiarse,1338,4,rpi5,0.5,rpi5 1/2,5.225818714010529,0.0,1
kz2joewu,noniid,fiarse,1338,4,rpi5,1.0,rpi5 1,3.6532111030149585,3.350239020424934,3
kz2joewu,noniid,fiarse,1338,5,rpi4,0.125,rpi4 1/8,18.605031326471362,0.37114777072275396,2
kz2joewu,noniid,fiarse,1338,5,rpi4,0.25,rpi4 1/4,22.941880044643767,1.1607463888605054,3
kz2joewu,noniid,fiarse,1338,5,rpi5,0.5,rpi5 1/2,5.062653039659684,2.2172439394351415,3
kz2joewu,noniid,fiarse,1338,5,rpi5,1.0,rpi5 1,3.688904832000844,3.7556589085480723,2
kz2joewu,noniid,fiarse,1338,6,rpi4,0.125,rpi4 1/8,26.73591526329983,19.621785319867808,3
kz2joewu,noniid,fiarse,1338,6,rpi4,0.25,rpi4 1/4,18.437171650730306,4.63038422021541,4
kz2joewu,noniid,fiarse,1338,6,rpi5,0.5,rpi5 1/2,3.8150605626869947,3.458526677167595,3
kz2joewu,noniid,fiarse,1338,7,rpi4,0.125,rpi4 1/8,27.089027653991554,20.24166257846959,3
kz2joewu,noniid,fiarse,1338,7,rpi4,0.25,rpi4 1/4,20.500071795657277,5.461779749032604,3
kz2joewu,noniid,fiarse,1338,7,rpi5,0.5,rpi5 1/2,0.8162515469593927,0.0,1
kz2joewu,noniid,fiarse,1338,7,rpi5,1.0,rpi5 1,5.005023113995169,3.47253251498178,3
kz2joewu,noniid,fiarse,1338,8,rpi4,0.125,rpi4 1/8,24.87637877074303,16.979106412096193,4
kz2joewu,noniid,fiarse,1338,8,rpi4,0.25,rpi4 1/4,19.841379112377762,5.010211244808885,5
kz2joewu,noniid,fiarse,1338,8,rpi5,0.5,rpi5 1/2,3.0032229360658675,0.0,1
kz2joewu,noniid,fiarse,1338,9,rpi4,0.125,rpi4 1/8,33.74918676202651,21.654059538685825,2
kz2joewu,noniid,fiarse,1338,9,rpi4,0.25,rpi4 1/4,19.60991193765464,4.779751684190668,3
kz2joewu,noniid,fiarse,1338,9,rpi5,0.5,rpi5 1/2,4.622045565251028,2.818995715066241,4
kz2joewu,noniid,fiarse,1338,9,rpi5,1.0,rpi5 1,7.44769137701951,0.0,1
kz2joewu,noniid,fiarse,1338,10,rpi4,0.125,rpi4 1/8,18.6833346610656,0.0,1
kz2joewu,noniid,fiarse,1338,10,rpi4,0.25,rpi4 1/4,22.32558385998709,0.8636422917186495,2
kz2joewu,noniid,fiarse,1338,10,rpi5,0.5,rpi5 1/2,2.854474616314595,1.9719761367083715,3
kz2joewu,noniid,fiarse,1338,10,rpi5,1.0,rpi5 1,5.489663330023177,2.120777943955683,4
kz2joewu,noniid,fiarse,1338,11,rpi4,0.125,rpi4 1/8,15.565994446980767,4.671989972214985,2
kz2joewu,noniid,fiarse,1338,11,rpi4,0.25,rpi4 1/4,24.17101629509125,0.0,1
kz2joewu,noniid,fiarse,1338,11,rpi5,0.5,rpi5 1/2,4.15629331296077,2.902595475187537,4
kz2joewu,noniid,fiarse,1338,11,rpi5,1.0,rpi5 1,6.525660094300595,0.9733630046363897,3
kz2joewu,noniid,fiarse,1338,12,rpi4,0.125,rpi4 1/8,31.076484857068863,26.7856241559366,2
kz2joewu,noniid,fiarse,1338,12,rpi4,0.25,rpi4 1/4,18.43692630744772,6.1055775002000265,2
kz2joewu,noniid,fiarse,1338,12,rpi5,0.5,rpi5 1/2,4.207821785530541,4.789268721017565,2
kz2joewu,noniid,fiarse,1338,12,rpi5,1.0,rpi5 1,4.168971921986667,2.9382829908373016,4
kz2joewu,noniid,fiarse,1338,13,rpi4,0.125,rpi4 1/8,26.881785916048102,19.95545251547634,3
kz2joewu,noniid,fiarse,1338,13,rpi4,0.25,rpi4 1/4,22.973649863308918,0.8720008351438672,3
kz2joewu,noniid,fiarse,1338,13,rpi5,0.5,rpi5 1/2,6.145997209998313,1.9314924101251416,2
kz2joewu,noniid,fiarse,1338,13,rpi5,1.0,rpi5 1,4.0774245469947346,2.2421072165788907,2
kz2joewu,noniid,fiarse,1338,14,rpi4,0.125,rpi4 1/8,23.727288250625133,15.236102330049002,5
kz2joewu,noniid,fiarse,1338,14,rpi4,0.25,rpi4 1/4,14.456256750039756,0.0,1
kz2joewu,noniid,fiarse,1338,14,rpi5,0.5,rpi5 1/2,4.191846918023657,4.776976121296131,2
kz2joewu,noniid,fiarse,1338,14,rpi5,1.0,rpi5 1,4.068049964495003,2.2278080133847054,2
kz2joewu,noniid,fiarse,1338,15,rpi4,0.125,rpi4 1/8,34.05987642647233,22.092176682726627,2
kz2joewu,noniid,fiarse,1338,15,rpi4,0.25,rpi4 1/4,17.053211354340117,4.94490277193015,3
kz2joewu,noniid,fiarse,1338,15,rpi5,0.5,rpi5 1/2,4.111078110989183,1.6224263456785264,2
kz2joewu,noniid,fiarse,1338,15,rpi5,1.0,rpi5 1,4.372358239294651,2.9087525208538634,3
kz2joewu,noniid,fiarse,1338,16,rpi4,0.125,rpi4 1/8,18.557702361489646,0.478828945702007,2
kz2joewu,noniid,fiarse,1338,16,rpi4,0.25,rpi4 1/4,19.181245195504744,6.625133793329528,2
kz2joewu,noniid,fiarse,1338,16,rpi5,0.5,rpi5 1/2,5.165700415032916,1.88922749196239,4
kz2joewu,noniid,fiarse,1338,16,rpi5,1.0,rpi5 1,1.7831949584651738,1.0340913182348066,2
kz2joewu,noniid,fiarse,1338,17,rpi4,0.125,rpi4 1/8,17.02961849924759,3.200395047845339,4
kz2joewu,noniid,fiarse,1338,17,rpi4,0.25,rpi4 1/4,20.43437268099903,5.334241241744274,3
kz2joewu,noniid,fiarse,1338,17,rpi5,0.5,rpi5 1/2,3.0313040300970897,0.0,1
kz2joewu,noniid,fiarse,1338,17,rpi5,1.0,rpi5 1,3.7237877705483697,3.7966950182724473,2
kz2joewu,noniid,fiarse,1338,18,rpi4,0.125,rpi4 1/8,29.338069824967533,18.56046740568197,3
kz2joewu,noniid,fiarse,1338,18,rpi4,0.25,rpi4 1/4,20.129214713311132,5.079525679877743,3
kz2joewu,noniid,fiarse,1338,18,rpi5,0.5,rpi5 1/2,3.6099269113425785,2.4227704095404925,3
kz2joewu,noniid,fiarse,1338,18,rpi5,1.0,rpi5 1,7.48328325804323,0.0,1
kz2joewu,noniid,fiarse,1338,19,rpi4,0.125,rpi4 1/8,24.865186326002004,17.032102712320945,4
kz2joewu,noniid,fiarse,1338,19,rpi4,0.25,rpi4 1/4,23.300668490002863,0.8027750774223537,2
kz2joewu,noniid,fiarse,1338,19,rpi5,0.5,rpi5 1/2,5.0398396459640935,0.404378985782085,2
kz2joewu,noniid,fiarse,1338,19,rpi5,1.0,rpi5 1,3.3459055539569817,3.263943430311642,2
kz2joewu,noniid,fiarse,1338,20,rpi4,0.125,rpi4 1/8,29.239602945318136,18.726461608800697,3
kz2joewu,noniid,fiarse,1338,20,rpi4,0.25,rpi4 1/4,22.264149214024656,0.7133620626723918,2
kz2joewu,noniid,fiarse,1338,20,rpi5,0.5,rpi5 1/2,3.077179782500025,3.198959320825471,2
kz2joewu,noniid,fiarse,1338,20,rpi5,1.0,rpi5 1,4.99936622431657,3.474252103305626,3
kz2joewu,noniid,fiarse,1338,21,rpi4,0.125,rpi4 1/8,27.000205151348684,20.324276809287625,3
kz2joewu,noniid,fiarse,1338,21,rpi4,0.25,rpi4 1/4,18.58849872252904,6.121369788429935,2
kz2joewu,noniid,fiarse,1338,21,rpi5,0.5,rpi5 1/2,2.790506366000045,2.7709940932892065,2
kz2joewu,noniid,fiarse,1338,21,rpi5,1.0,rpi5 1,3.0903375026537105,2.3910622334964438,3
kz2joewu,noniid,fiarse,1338,22,rpi4,0.125,rpi4 1/8,24.79718708002474,16.907167668720735,4
kz2joewu,noniid,fiarse,1338,22,rpi4,0.25,rpi4 1/4,23.11850817152299,0.4798297422115973,2
kz2joewu,noniid,fiarse,1338,22,rpi5,0.5,rpi5 1/2,5.294432916562073,3.302181791566741,2
kz2joewu,noniid,fiarse,1338,22,rpi5,1.0,rpi5 1,5.974996879522223,0.6383381202160778,2
kz2joewu,noniid,fiarse,1338,23,rpi4,0.125,rpi4 1/8,18.61183096806053,0.0,1
kz2joewu,noniid,fiarse,1338,23,rpi4,0.25,rpi4 1/4,20.72044530446874,4.274329298852975,4
kz2joewu,noniid,fiarse,1338,23,rpi5,0.5,rpi5 1/2,3.836436571495142,1.2008010771742579,2
kz2joewu,noniid,fiarse,1338,23,rpi5,1.0,rpi5 1,5.210791066288948,2.4931428782448855,3
kz2joewu,noniid,fiarse,1338,24,rpi4,0.125,rpi4 1/8,18.488672874460462,0.3820768400463388,2
kz2joewu,noniid,fiarse,1338,24,rpi4,0.25,rpi4 1/4,14.328894164063968,0.14022784767515134,2
kz2joewu,noniid,fiarse,1338,24,rpi5,0.5,rpi5 1/2,2.901538851321675,2.0106444391135514,3
kz2joewu,noniid,fiarse,1338,24,rpi5,1.0,rpi5 1,3.349539704970084,2.7839866723254865,3
kz2joewu,noniid,fiarse,1338,25,rpi4,0.125,rpi4 1/8,18.464671628704917,0.2366617317735679,3
kz2joewu,noniid,fiarse,1338,25,rpi4,0.25,rpi4 1/4,21.33258240975556,4.428790167486209,4
kz2joewu,noniid,fiarse,1338,25,rpi5,0.5,rpi5 1/2,4.816868915921077,0.0,1
kz2joewu,noniid,fiarse,1338,25,rpi5,1.0,rpi5 1,3.333749200042803,3.246178857338926,2
kz2joewu,noniid,fiarse,1338,26,rpi4,0.125,rpi4 1/8,18.627707362000365,0.3158970526206913,2
kz2joewu,noniid,fiarse,1338,26,rpi4,0.25,rpi4 1/4,22.941736117354594,0.8523031865726505,3
kz2joewu,noniid,fiarse,1338,26,rpi5,0.5,rpi5 1/2,3.0248873560340144,3.1321073660755125,2
kz2joewu,noniid,fiarse,1338,26,rpi5,1.0,rpi5 1,4.391518830321729,2.9264793965864246,3
kz2joewu,noniid,fiarse,1338,27,rpi4,0.125,rpi4 1/8,28.93510114774108,18.04319777051207,3
kz2joewu,noniid,fiarse,1338,27,rpi4,0.25,rpi4 1/4,20.285301330305327,5.3681291830571425,3
kz2joewu,noniid,fiarse,1338,27,rpi5,0.5,rpi5 1/2,4.9410756435245275,0.27599900280115536,2
kz2joewu,noniid,fiarse,1338,27,rpi5,1.0,rpi5 1,6.854810161981732,0.7717778933584253,2
kz2joewu,noniid,fiarse,1338,28,rpi4,0.125,rpi4 1/8,12.123725514975376,0.0,1
kz2joewu,noniid,fiarse,1338,28,rpi4,0.25,rpi4 1/4,22.955857864697464,0.9839127577899022,3
kz2joewu,noniid,fiarse,1338,28,rpi5,0.5,rpi5 1/2,3.616157637016537,2.437343462298665,3
kz2joewu,noniid,fiarse,1338,28,rpi5,1.0,rpi5 1,5.449667860016537,2.6039605186824595,3
kz2joewu,noniid,fiarse,1338,29,rpi4,0.125,rpi4 1/8,28.894604014310364,18.31314091091859,3
kz2joewu,noniid,fiarse,1338,29,rpi4,0.25,rpi4 1/4,14.454605815932155,0.0,1
kz2joewu,noniid,fiarse,1338,29,rpi5,0.5,rpi5 1/2,4.139042618509848,1.6461762995394391,2
kz2joewu,noniid,fiarse,1338,29,rpi5,1.0,rpi5 1,4.153868472028989,2.913996409899938,4
kz2joewu,noniid,fiarse,1338,30,rpi4,0.125,rpi4 1/8,28.782061290655594,18.00081642541173,3
kz2joewu,noniid,fiarse,1338,30,rpi4,0.25,rpi4 1/4,19.661256499316853,4.514625185832743,3
kz2joewu,noniid,fiarse,1338,30,rpi5,0.5,rpi5 1/2,3.92469415103551,1.2760309292114247,2
kz2joewu,noniid,fiarse,1338,30,rpi5,1.0,rpi5 1,5.991374348523095,0.5155388481208176,2
kz2joewu,noniid,fiarse,1338,31,rpi4,0.125,rpi4 1/8,29.150644959028188,18.17309328987393,3
kz2joewu,noniid,fiarse,1338,31,rpi4,0.25,rpi4 1/4,22.676361578982323,0.0,1
kz2joewu,noniid,fiarse,1338,31,rpi5,0.5,rpi5 1/2,4.1246644260245375,1.5598169729597866,2
kz2joewu,noniid,fiarse,1338,31,rpi5,1.0,rpi5 1,5.47107450326439,2.134604753699066,4
kz2joewu,noniid,fiarse,1338,32,rpi4,0.125,rpi4 1/8,23.475154196610674,14.953270960494837,5
kz2joewu,noniid,fiarse,1338,32,rpi4,0.25,rpi4 1/4,14.400802369927987,0.0,1
kz2joewu,noniid,fiarse,1338,32,rpi5,0.5,rpi5 1/2,3.0241791260195896,0.0,1
kz2joewu,noniid,fiarse,1338,32,rpi5,1.0,rpi5 1,4.8112150990248965,2.027887285123538,3
kz2joewu,noniid,fiarse,1338,33,rpi4,0.125,rpi4 1/8,49.72989328892436,0.0,1
kz2joewu,noniid,fiarse,1338,33,rpi4,0.25,rpi4 1/4,18.768349484191276,5.2744258042823216,4
kz2joewu,noniid,fiarse,1338,33,rpi5,0.5,rpi5 1/2,2.774779643979855,2.7812103776626347,2
kz2joewu,noniid,fiarse,1338,33,rpi5,1.0,rpi5 1,4.754494056648885,2.0349456982181517,3
kz2joewu,noniid,fiarse,1338,34,rpi4,0.125,rpi4 1/8,18.64309287595097,0.05260071458706043,2
kz2joewu,noniid,fiarse,1338,34,rpi4,0.25,rpi4 1/4,20.783051404490834,4.493034067126794,4
kz2joewu,noniid,fiarse,1338,34,rpi5,0.5,rpi5 1/2,0.818446060991846,0.0,1
kz2joewu,noniid,fiarse,1338,34,rpi5,1.0,rpi5 1,5.489048962675345,2.644210731282641,3
kz2joewu,noniid,fiarse,1338,35,rpi4,0.125,rpi4 1/8,17.10559314326383,3.2242853663113222,4
kz2joewu,noniid,fiarse,1338,35,rpi4,0.25,rpi4 1/4,18.53078517242102,6.2117493628660165,2
kz2joewu,noniid,fiarse,1338,35,rpi5,0.5,rpi5 1/2,6.131800712028053,1.8145578307588224,2
kz2joewu,noniid,fiarse,1338,35,rpi5,1.0,rpi5 1,4.944557603448629,3.4626961169690067,2
kz2joewu,noniid,fiarse,1338,36,rpi4,0.125,rpi4 1/8,18.817433231975883,0.05931710185804074,2
kz2joewu,noniid,fiarse,1338,36,rpi4,0.25,rpi4 1/4,17.52686277862328,5.547329382954558,3
kz2joewu,noniid,fiarse,1338,36,rpi5,0.5,rpi5 1/2,6.1839406854705885,1.940486465361621,2
kz2joewu,noniid,fiarse,1338,36,rpi5,1.0,rpi5 1,4.400395099306479,2.9318564717866034,3
kz2joewu,noniid,fiarse,1338,37,rpi4,0.125,rpi4 1/8,15.540677698503714,4.58691243493699,2
kz2joewu,noniid,fiarse,1338,37,rpi4,0.25,rpi4 1/4,20.498190797011677,5.04479457358723,3
kz2joewu,noniid,fiarse,1338,37,rpi5,0.5,rpi5 1/2,2.8777511819498613,2.015570871949493,3
kz2joewu,noniid,fiarse,1338,37,rpi5,1.0,rpi5 1,5.971752948476933,0.5737633385354206,2
kz2joewu,noniid,fiarse,1338,38,rpi4,0.125,rpi4 1/8,28.724941319980037,17.76662665612379,3
kz2joewu,noniid,fiarse,1338,38,rpi4,0.25,rpi4 1/4,18.42721042095218,6.217329599928912,2
kz2joewu,noniid,fiarse,1338,38,rpi5,0.5,rpi5 1/2,3.6527458613660806,2.478189022942768,3
kz2joewu,noniid,fiarse,1338,38,rpi5,1.0,rpi5 1,4.0242179069900885,2.1604217674813495,2
kz2joewu,noniid,fiarse,1338,39,rpi4,0.125,rpi4 1/8,18.384290007001255,0.12553368932702072,2
kz2joewu,noniid,fiarse,1338,39,rpi4,0.25,rpi4 1/4,20.63161402195692,4.445280566911037,4
kz2joewu,noniid,fiarse,1338,39,rpi5,0.5,rpi5 1/2,1.9103935185121372,1.5484263249337908,2
kz2joewu,noniid,fiarse,1338,39,rpi5,1.0,rpi5 1,3.322065682557877,3.232030614524893,2
kz2joewu,noniid,fiarse,1338,40,rpi4,0.125,rpi4 1/8,49.494463262031786,0.0,1
kz2joewu,noniid,fiarse,1338,40,rpi4,0.25,rpi4 1/4,20.359825305330258,5.240241450663273,3
kz2joewu,noniid,fiarse,1338,40,rpi5,0.5,rpi5 1/2,4.596186436974676,2.8038086895684855,4
kz2joewu,noniid,fiarse,1338,40,rpi5,1.0,rpi5 1,6.026053046458401,0.46582997122033953,2
qxd817p7,noniid,heterofl,1338,1,rpi4,0.125,rpi4 1/8,13.611433141253656,1.7692103464756423,4
qxd817p7,noniid,heterofl,1338,1,rpi4,0.25,rpi4 1/4,22.55249128502328,8.13052328578633,2
qxd817p7,noniid,heterofl,1338,1,rpi5,0.5,rpi5 1/2,7.537291647633538,1.2938021523196919,3
qxd817p7,noniid,heterofl,1338,1,rpi5,1.0,rpi5 1,9.279519296018407,0.0,1
qxd817p7,noniid,heterofl,1338,2,rpi4,0.125,rpi4 1/8,7.490586308500497,1.6563874232829339,4
qxd817p7,noniid,heterofl,1338,2,rpi4,0.25,rpi4 1/4,9.824566697624201,0.8581696384137045,3
qxd817p7,noniid,heterofl,1338,2,rpi5,0.5,rpi5 1/2,3.103568010556046,0.6880363905987104,2
qxd817p7,noniid,heterofl,1338,2,rpi5,1.0,rpi5 1,0.7899761330336332,0.0,1
qxd817p7,noniid,heterofl,1338,3,rpi4,0.125,rpi4 1/8,8.398692297982052,0.8273097564586552,2
qxd817p7,noniid,heterofl,1338,3,rpi4,0.25,rpi4 1/4,12.079631241969764,6.2684626474222425,5
qxd817p7,noniid,heterofl,1338,3,rpi5,0.5,rpi5 1/2,2.76434330054326,1.9231441087336205,2
qxd817p7,noniid,heterofl,1338,3,rpi5,1.0,rpi5 1,7.14539338205941,0.0,1
qxd817p7,noniid,heterofl,1338,4,rpi4,0.125,rpi4 1/8,8.676048772991635,1.6127220079610212,2
qxd817p7,noniid,heterofl,1338,4,rpi4,0.25,rpi4 1/4,14.877067302528303,11.888505885012114,2
qxd817p7,noniid,heterofl,1338,4,rpi5,0.5,rpi5 1/2,2.9291225662746,1.1920461300954595,4
qxd817p7,noniid,heterofl,1338,4,rpi5,1.0,rpi5 1,6.296044556482229,1.2931075331666788,2
qxd817p7,noniid,heterofl,1338,5,rpi4,0.125,rpi4 1/8,7.809375952987466,3.7970290307298074,2
qxd817p7,noniid,heterofl,1338,5,rpi4,0.25,rpi4 1/4,10.306212170049548,0.0,1
qxd817p7,noniid,heterofl,1338,5,rpi5,0.5,rpi5 1/2,2.4476107641821727,1.430819935636483,5
qxd817p7,noniid,heterofl,1338,5,rpi5,1.0,rpi5 1,4.17637429543538,1.8038493186923095,2
qxd817p7,noniid,heterofl,1338,6,rpi4,0.125,rpi4 1/8,6.842918414700155,1.331104736496842,3
qxd817p7,noniid,heterofl,1338,6,rpi4,0.25,rpi4 1/4,9.600454493483994,1.0894558926730809,2
qxd817p7,noniid,heterofl,1338,6,rpi5,0.5,rpi5 1/2,2.524523197324015,1.0367719431418738,3
qxd817p7,noniid,heterofl,1338,6,rpi5,1.0,rpi5 1,5.099895693012513,3.1275374806737455,2
qxd817p7,noniid,heterofl,1338,7,rpi4,0.125,rpi4 1/8,8.826388955989387,1.479274593068203,2
qxd817p7,noniid,heterofl,1338,7,rpi4,0.25,rpi4 1/4,7.845995422045235,1.2766479306738923,2
qxd817p7,noniid,heterofl,1338,7,rpi5,0.5,rpi5 1/2,2.532080336667908,1.054296054571464,3
qxd817p7,noniid,heterofl,1338,7,rpi5,1.0,rpi5 1,4.407717906675923,3.2558103265086387,3
qxd817p7,noniid,heterofl,1338,8,rpi4,0.125,rpi4 1/8,7.729977810988203,0.0,1
qxd817p7,noniid,heterofl,1338,8,rpi4,0.25,rpi4 1/4,7.924584487647128,2.1386009662980237,3
qxd817p7,noniid,heterofl,1338,8,rpi5,0.5,rpi5 1/2,3.37084564199904,1.0332865876297181,2
qxd817p7,noniid,heterofl,1338,8,rpi5,1.0,rpi5 1,3.5081057679781225,2.141801292402494,4
qxd817p7,noniid,heterofl,1338,9,rpi4,0.125,rpi4 1/8,8.50115760450717,0.8417740183184562,2
qxd817p7,noniid,heterofl,1338,9,rpi4,0.25,rpi4 1/4,8.137548491795314,1.7897490183471043,4
qxd817p7,noniid,heterofl,1338,9,rpi5,0.5,rpi5 1/2,2.266014948991748,1.5070489060065642,3
qxd817p7,noniid,heterofl,1338,9,rpi5,1.0,rpi5 1,0.7802075890358537,0.0,1
qxd817p7,noniid,heterofl,1338,10,rpi4,0.125,rpi4 1/8,7.545137555998129,2.4636755251908857,3
qxd817p7,noniid,heterofl,1338,10,rpi4,0.25,rpi4 1/4,8.858266741968691,0.0,1
qxd817p7,noniid,heterofl,1338,10,rpi5,0.5,rpi5 1/2,2.4282875150092877,1.483240599494641,2
qxd817p7,noniid,heterofl,1338,10,rpi5,1.0,rpi5 1,5.103374735917896,1.728684386342615,4
qxd817p7,noniid,heterofl,1338,11,rpi4,0.125,rpi4 1/8,7.683813011040911,0.0,1
qxd817p7,noniid,heterofl,1338,11,rpi4,0.25,rpi4 1/4,16.541853219503537,8.580183933853649,2
qxd817p7,noniid,heterofl,1338,11,rpi5,0.5,rpi5 1/2,2.8891763074789196,1.147141074903502,4
qxd817p7,noniid,heterofl,1338,11,rpi5,1.0,rpi5 1,3.726040107974162,2.552029381919493,3
qxd817p7,noniid,heterofl,1338,12,rpi4,0.125,rpi4 1/8,8.929353662068024,1.0341796369721348,3
qxd817p7,noniid,heterofl,1338,12,rpi4,0.25,rpi4 1/4,7.7075375620042905,1.5824937771784697,2
qxd817p7,noniid,heterofl,1338,12,rpi5,0.5,rpi5 1/2,2.062238107493613,2.016088206866705,2
qxd817p7,noniid,heterofl,1338,12,rpi5,1.0,rpi5 1,4.434736140693228,1.3470452237645973,3
qxd817p7,noniid,heterofl,1338,13,rpi4,0.125,rpi4 1/8,7.209199453704059,2.103682102825317,3
qxd817p7,noniid,heterofl,1338,13,rpi4,0.25,rpi4 1/4,12.679140817335186,8.805507394015757,3
qxd817p7,noniid,heterofl,1338,13,rpi5,0.5,rpi5 1/2,2.8245488150278106,1.9859948459170702,2
qxd817p7,noniid,heterofl,1338,13,rpi5,1.0,rpi5 1,3.9588252034736797,1.5434776466243476,2
qxd817p7,noniid,heterofl,1338,14,rpi4,0.125,rpi4 1/8,8.088511321654854,0.7590848270039132,3
qxd817p7,noniid,heterofl,1338,14,rpi4,0.25,rpi4 1/4,14.589812746446114,11.449175991417917,2
qxd817p7,noniid,heterofl,1338,14,rpi5,0.5,rpi5 1/2,2.71309146124986,1.521654453975556,4
qxd817p7,noniid,heterofl,1338,14,rpi5,1.0,rpi5 1,0.7791495779529214,0.0,1
qxd817p7,noniid,heterofl,1338,15,rpi4,0.125,rpi4 1/8,5.111892899964005,0.0,1
qxd817p7,noniid,heterofl,1338,15,rpi4,0.25,rpi4 1/4,23.106084274942987,0.0,1
qxd817p7,noniid,heterofl,1338,15,rpi5,0.5,rpi5 1/2,2.7075275507813785,1.5178242557898456,4
qxd817p7,noniid,heterofl,1338,15,rpi5,1.0,rpi5 1,4.670910328713944,2.757974455101062,4
qxd817p7,noniid,heterofl,1338,16,rpi4,0.125,rpi4 1/8,8.377212678392729,1.2039557998309165,3
qxd817p7,noniid,heterofl,1338,16,rpi4,0.25,rpi4 1/4,16.80313377449056,8.919105933292936,2
qxd817p7,noniid,heterofl,1338,16,rpi5,0.5,rpi5 1/2,2.371109466999769,2.473558102495947,2
qxd817p7,noniid,heterofl,1338,16,rpi5,1.0,rpi5 1,2.993351771690262,2.2868427924158863,3
qxd817p7,noniid,heterofl,1338,17,rpi4,0.125,rpi4 1/8,6.509528198977932,1.6240466412629488,2
qxd817p7,noniid,heterofl,1338,17,rpi4,0.25,rpi4 1/4,8.455570731020998,2.7752330739874647,2
qxd817p7,noniid,heterofl,1338,17,rpi5,0.5,rpi5 1/2,2.185518671729369,1.4963801826689476,4
qxd817p7,noniid,heterofl,1338,17,rpi5,1.0,rpi5 1,3.067256388545502,3.2193560859891543,2
qxd817p7,noniid,heterofl,1338,18,rpi4,0.125,rpi4 1/8,7.284163021637748,1.794586683507227,3
qxd817p7,noniid,heterofl,1338,18,rpi4,0.25,rpi4 1/4,8.487887595353337,1.9924350639099622,3
qxd817p7,noniid,heterofl,1338,18,rpi5,0.5,rpi5 1/2,2.4510550314444117,1.47779728083199,2
qxd817p7,noniid,heterofl,1338,18,rpi5,1.0,rpi5 1,3.095634440483991,3.2641400379513197,2
qxd817p7,noniid,heterofl,1338,19,rpi4,0.125,rpi4 1/8,7.518820665485691,3.419057738986835,2
qxd817p7,noniid,heterofl,1338,19,rpi4,0.25,rpi4 1/4,8.565841436657744,2.0189422641467014,3
qxd817p7,noniid,heterofl,1338,19,rpi5,0.5,rpi5 1/2,2.0321821190300398,1.262429034518317,4
qxd817p7,noniid,heterofl,1338,19,rpi5,1.0,rpi5 1,5.358404744998552,0.0,1
qxd817p7,noniid,heterofl,1338,20,rpi4,0.125,rpi4 1/8,8.06337095234388,0.8433169173401676,3
qxd817p7,noniid,heterofl,1338,20,rpi4,0.25,rpi4 1/4,8.725927174033131,2.2707929675363525,2
qxd817p7,noniid,heterofl,1338,20,rpi5,0.5,rpi5 1/2,3.3745665735332295,1.035274036347638,2
qxd817p7,noniid,heterofl,1338,20,rpi5,1.0,rpi5 1,2.8990348662870624,2.138072495148812,3
qxd817p7,noniid,heterofl,1338,21,rpi4,0.125,rpi4 1/8,5.142309793038294,0.0,1
qxd817p7,noniid,heterofl,1338,21,rpi4,0.25,rpi4 1/4,8.647101634686502,1.7276736853412615,3
qxd817p7,noniid,heterofl,1338,21,rpi5,0.5,rpi5 1/2,3.00966677601294,1.4295521785550618,3
qxd817p7,noniid,heterofl,1338,21,rpi5,1.0,rpi5 1,3.038014027290046,2.338842252653598,3
qxd817p7,noniid,heterofl,1338,22,rpi4,0.125,rpi4 1/8,9.005216923891567,0.0,1
qxd817p7,noniid,heterofl,1338,22,rpi4,0.25,rpi4 1/4,7.957635023320715,2.115178981403977,3
qxd817p7,noniid,heterofl,1338,22,rpi5,0.5,rpi5 1/2,2.97909041835616,1.3963174543933283,3
qxd817p7,noniid,heterofl,1338,22,rpi5,1.0,rpi5 1,5.191631497660031,2.240827144018571,3
qxd817p7,noniid,heterofl,1338,23,rpi4,0.125,rpi4 1/8,7.98623443976976,2.0388187068633745,4
qxd817p7,noniid,heterofl,1338,23,rpi4,0.25,rpi4 1/4,9.629781024996191,1.0087588253687019,2
qxd817p7,noniid,heterofl,1338,23,rpi5,0.5,rpi5 1/2,3.4332549479634813,0.77689275765256,3
qxd817p7,noniid,heterofl,1338,23,rpi5,1.0,rpi5 1,2.8941984130069613,0.0,1
qxd817p7,noniid,heterofl,1338,24,rpi4,0.125,rpi4 1/8,8.133411752021251,0.7692201935012638,3
qxd817p7,noniid,heterofl,1338,24,rpi4,0.25,rpi4 1/4,8.752059798377255,1.6782690105438847,3
qxd817p7,noniid,heterofl,1338,24,rpi5,0.5,rpi5 1/2,1.564767857004578,1.029954776964703,3
qxd817p7,noniid,heterofl,1338,24,rpi5,1.0,rpi5 1,7.222354689962231,0.0,1
qxd817p7,noniid,heterofl,1338,25,rpi4,0.125,rpi4 1/8,7.5157170010206755,1.6704134578260204,4
qxd817p7,noniid,heterofl,1338,25,rpi4,0.25,rpi4 1/4,6.744055164512247,0.2856841001530432,2
qxd817p7,noniid,heterofl,1338,25,rpi5,0.5,rpi5 1/2,1.632902963552624,1.4261112780633904,2
qxd817p7,noniid,heterofl,1338,25,rpi5,1.0,rpi5 1,4.036130825988948,4.606387341592576,2
qxd817p7,noniid,heterofl,1338,26,rpi4,0.125,rpi4 1/8,9.221330113010481,2.2165649640337852,2
qxd817p7,noniid,heterofl,1338,26,rpi4,0.25,rpi4 1/4,13.282603496336378,8.45162000581235,3
qxd817p7,noniid,heterofl,1338,26,rpi5,0.5,rpi5 1/2,0.6158042500028387,0.0,1
qxd817p7,noniid,heterofl,1338,26,rpi5,1.0,rpi5 1,4.085420201037778,2.8339203670335915,4
qxd817p7,noniid,heterofl,1338,27,rpi4,0.125,rpi4 1/8,5.206013158895075,0.0,1
qxd817p7,noniid,heterofl,1338,27,rpi4,0.25,rpi4 1/4,8.638857051691351,1.986035118660684,3
qxd817p7,noniid,heterofl,1338,27,rpi5,0.5,rpi5 1/2,2.71711250130708,1.8413204558812766,3
qxd817p7,noniid,heterofl,1338,27,rpi5,1.0,rpi5 1,3.592476637025053,3.2078729443694285,3
qxd817p7,noniid,heterofl,1338,28,rpi4,0.125,rpi4 1/8,8.957881350070238,0.0,1
qxd817p7,noniid,heterofl,1338,28,rpi4,0.25,rpi4 1/4,12.95089631298712,8.746977724971728,3
qxd817p7,noniid,heterofl,1338,28,rpi5,0.5,rpi5 1/2,2.702903163386509,1.3658711772040975,3
qxd817p7,noniid,heterofl,1338,28,rpi5,1.0,rpi5 1,3.7412723403346413,2.5714537040108265,3
qxd817p7,noniid,heterofl,1338,29,rpi4,0.125,rpi4 1/8,5.168015811941586,0.0,1
qxd817p7,noniid,heterofl,1338,29,rpi4,0.25,rpi4 1/4,12.634709289685512,8.823467707431917,3
qxd817p7,noniid,heterofl,1338,29,rpi5,0.5,rpi5 1/2,2.0478049619899443,1.834270636903155,3
qxd817p7,noniid,heterofl,1338,29,rpi5,1.0,rpi5 1,5.850982757013601,1.037044911101259,3
qxd817p7,noniid,heterofl,1338,30,rpi4,0.125,rpi4 1/8,8.879703930035854,1.1671243033020737,3
qxd817p7,noniid,heterofl,1338,30,rpi4,0.25,rpi4 1/4,14.54485531593673,11.475612796993232,2
qxd817p7,noniid,heterofl,1338,30,rpi5,0.5,rpi5 1/2,2.0355623323703185,1.8281797373558848,3
qxd817p7,noniid,heterofl,1338,30,rpi5,1.0,rpi5 1,6.308274611481465,1.295059232631347,2
qxd817p7,noniid,heterofl,1338,31,rpi4,0.125,rpi4 1/8,7.468947041663341,2.28338501597019,3
qxd817p7,noniid,heterofl,1338,31,rpi4,0.25,rpi4 1/4,9.454120536975097,1.1742952819000605,2
qxd817p7,noniid,heterofl,1338,31,rpi5,0.5,rpi5 1/2,3.4023006499822563,0.7300520189252577,3
qxd817p7,noniid,heterofl,1338,31,rpi5,1.0,rpi5 1,6.121856251964346,1.4263479871123372,2
qxd817p7,noniid,heterofl,1338,32,rpi4,0.125,rpi4 1/8,8.049761158026135,2.554494556967179,3
qxd817p7,noniid,heterofl,1338,32,rpi4,0.25,rpi4 1/4,7.644617820973508,1.6596775695426293,2
qxd817p7,noniid,heterofl,1338,32,rpi5,0.5,rpi5 1/2,1.5410339999943972,1.0031560152943721,3
qxd817p7,noniid,heterofl,1338,32,rpi5,1.0,rpi5 1,4.191316164506134,1.8088208718745096,2
qxd817p7,noniid,heterofl,1338,33,rpi4,0.125,rpi4 1/8,5.231716399081051,0.0,1
qxd817p7,noniid,heterofl,1338,33,rpi4,0.25,rpi4 1/4,7.508964597325151,1.3814276897389046,3
qxd817p7,noniid,heterofl,1338,33,rpi5,0.5,rpi5 1/2,3.383669288479723,1.0892293313834118,2
qxd817p7,noniid,heterofl,1338,33,rpi5,1.0,rpi5 1,3.523454168229364,2.145949163591574,4
qxd817p7,noniid,heterofl,1338,34,rpi4,0.125,rpi4 1/8,9.467852073488757,0.658825946527101,2
qxd817p7,noniid,heterofl,1338,34,rpi4,0.25,rpi4 1/4,12.205444409046322,7.140788002510447,4
qxd817p7,noniid,heterofl,1338,34,rpi5,0.5,rpi5 1/2,3.4665510850027204,0.0,1
qxd817p7,noniid,heterofl,1338,34,rpi5,1.0,rpi5 1,4.4392027223560335,3.2953163548544167,3
qxd817p7,noniid,heterofl,1338,35,rpi4,0.125,rpi4 1/8,6.875048786983825,1.4993556354149402,3
qxd817p7,noniid,heterofl,1338,35,rpi4,0.25,rpi4 1/4,8.715826007343518,1.9256840688165442,3
qxd817p7,noniid,heterofl,1338,35,rpi5,0.5,rpi5 1/2,2.3850665519130416,2.5081546609261576,2
qxd817p7,noniid,heterofl,1338,35,rpi5,1.0,rpi5 1,3.9901593899703585,4.508945969504447,2
qxd817p7,noniid,heterofl,1338,36,rpi4,0.125,rpi4 1/8,7.516536109033041,0.0,1
qxd817p7,noniid,heterofl,1338,36,rpi4,0.25,rpi4 1/4,22.538953121053055,0.0,1
qxd817p7,noniid,heterofl,1338,36,rpi5,0.5,rpi5 1/2,2.2155268732458353,1.5632520893139834,4
qxd817p7,noniid,heterofl,1338,36,rpi5,1.0,rpi5 1,4.579803499771515,2.71009454372744,4
qxd817p7,noniid,heterofl,1338,37,rpi4,0.125,rpi4 1/8,8.346842105306374,1.2216995046030383,3
qxd817p7,noniid,heterofl,1338,37,rpi4,0.25,rpi4 1/4,15.66033243847778,9.937092124445813,2
qxd817p7,noniid,heterofl,1338,37,rpi5,0.5,rpi5 1/2,2.400306343275588,1.6502351914334434,4
qxd817p7,noniid,heterofl,1338,37,rpi5,1.0,rpi5 1,5.348050720989704,0.0,1
qxd817p7,noniid,heterofl,1338,38,rpi4,0.125,rpi4 1/8,6.3255443224916235,1.663315998150095,2
qxd817p7,noniid,heterofl,1338,38,rpi4,0.25,rpi4 1/4,14.786814180959482,11.771535021983675,2
qxd817p7,noniid,heterofl,1338,38,rpi5,0.5,rpi5 1/2,3.429732063629975,0.7849489442897296,3
qxd817p7,noniid,heterofl,1338,38,rpi5,1.0,rpi5 1,4.40721546431693,1.3515729312533087,3
qxd817p7,noniid,heterofl,1338,39,rpi4,0.125,rpi4 1/8,8.347323592985049,1.12290105419044,2
qxd817p7,noniid,heterofl,1338,39,rpi4,0.25,rpi4 1/4,12.767501640017144,8.962937838369161,3
qxd817p7,noniid,heterofl,1338,39,rpi5,0.5,rpi5 1/2,3.383515384455677,1.0137559596299968,2
qxd817p7,noniid,heterofl,1338,39,rpi5,1.0,rpi5 1,3.588107857697954,3.220466544236918,3
qxd817p7,noniid,heterofl,1338,40,rpi4,0.125,rpi4 1/8,7.372359814626786,2.003521540798796,3
qxd817p7,noniid,heterofl,1338,40,rpi4,0.25,rpi4 1/4,7.655883124505635,1.639467771173981,2
qxd817p7,noniid,heterofl,1338,40,rpi5,0.5,rpi5 1/2,1.0082911185454577,0.5599206725561653,2
qxd817p7,noniid,heterofl,1338,40,rpi5,1.0,rpi5 1,4.428451886711021,3.28219684074938,3
rkomuihv,iid,heterofl,1338,1,rpi4,0.125,rpi4 1/8,15.862658519810065,4.136925132389409,5
rkomuihv,iid,heterofl,1338,1,rpi4,0.25,rpi4 1/4,18.111947472020983,3.649068442742283,5
rkomuihv,iid,heterofl,1338,1,rpi5,0.5,rpi5 1/2,9.009720497997478,0.9118027264257053,5
rkomuihv,iid,heterofl,1338,1,rpi5,1.0,rpi5 1,11.43820603240747,0.9427507134417648,5
rkomuihv,iid,heterofl,1338,2,rpi4,0.125,rpi4 1/8,8.684981327410787,3.632840336473722,5
rkomuihv,iid,heterofl,1338,2,rpi4,0.25,rpi4 1/4,11.534415792790242,5.177768948018819,5
rkomuihv,iid,heterofl,1338,2,rpi5,0.5,rpi5 1/2,2.512986198416911,0.02549420922821203,5
rkomuihv,iid,heterofl,1338,2,rpi5,1.0,rpi5 1,4.383131969184615,0.06033428900923803,5
rkomuihv,iid,heterofl,1338,3,rpi4,0.125,rpi4 1/8,8.686195587622933,3.7279857415732103,5
rkomuihv,iid,heterofl,1338,3,rpi4,0.25,rpi4 1/4,11.504379564360715,5.086110091336804,5
rkomuihv,iid,heterofl,1338,3,rpi5,0.5,rpi5 1/2,2.4981253823963927,0.018207121547602383,5
rkomuihv,iid,heterofl,1338,3,rpi5,1.0,rpi5 1,4.346221517794765,0.03529586327186698,5
rkomuihv,iid,heterofl,1338,4,rpi4,0.125,rpi4 1/8,8.667649179999717,3.5335979806790747,5
rkomuihv,iid,heterofl,1338,4,rpi4,0.25,rpi4 1/4,11.599632991407997,5.160510628350759,5
rkomuihv,iid,heterofl,1338,4,rpi5,0.5,rpi5 1/2,2.5072440934367477,0.017269887716195045,5
rkomuihv,iid,heterofl,1338,4,rpi5,1.0,rpi5 1,4.348972076596692,0.04911606465770826,5
rkomuihv,iid,heterofl,1338,5,rpi4,0.125,rpi4 1/8,8.735203493619338,3.5077280638765753,5
rkomuihv,iid,heterofl,1338,5,rpi4,0.25,rpi4 1/4,11.60892576619517,5.183557158529128,5
rkomuihv,iid,heterofl,1338,5,rpi5,0.5,rpi5 1/2,2.5142629214329646,0.03724811951257873,5
rkomuihv,iid,heterofl,1338,5,rpi5,1.0,rpi5 1,4.380284681823104,0.02695818888638829,5
rkomuihv,iid,heterofl,1338,6,rpi4,0.125,rpi4 1/8,8.684309628629126,3.595021279171702,5
rkomuihv,iid,heterofl,1338,6,rpi4,0.25,rpi4 1/4,11.530157035565935,5.137206812015224,5
rkomuihv,iid,heterofl,1338,6,rpi5,0.5,rpi5 1/2,2.5176537517923863,0.0470706441949832,5
rkomuihv,iid,heterofl,1338,6,rpi5,1.0,rpi5 1,4.3535864592297004,0.03866798053423562,5
rkomuihv,iid,heterofl,1338,7,rpi4,0.125,rpi4 1/8,8.637411796394735,3.400730972812594,5
rkomuihv,iid,heterofl,1338,7,rpi4,0.25,rpi4 1/4,11.448609075206331,5.0523439802362535,5
rkomuihv,iid,heterofl,1338,7,rpi5,0.5,rpi5 1/2,2.524325082008727,0.04618585234174388,5
rkomuihv,iid,heterofl,1338,7,rpi5,1.0,rpi5 1,4.376042238203809,0.06083935054647464,5
rkomuihv,iid,heterofl,1338,8,rpi4,0.125,rpi4 1/8,8.755332787777297,3.568223868158784,5
rkomuihv,iid,heterofl,1338,8,rpi4,0.25,rpi4 1/4,11.626438460755162,5.157493220943633,5
rkomuihv,iid,heterofl,1338,8,rpi5,0.5,rpi5 1/2,2.5205116655910387,0.03191613046232918,5
rkomuihv,iid,heterofl,1338,8,rpi5,1.0,rpi5 1,4.345915025216527,0.03953527892095736,5
rkomuihv,iid,heterofl,1338,9,rpi4,0.125,rpi4 1/8,8.60045419097878,3.487700487337565,5
rkomuihv,iid,heterofl,1338,9,rpi4,0.25,rpi4 1/4,11.587181735783815,5.143548140268184,5
rkomuihv,iid,heterofl,1338,9,rpi5,0.5,rpi5 1/2,2.5130447443807498,0.015863975215344373,5
rkomuihv,iid,heterofl,1338,9,rpi5,1.0,rpi5 1,4.363057292019948,0.06305028267267576,5
rkomuihv,iid,heterofl,1338,10,rpi4,0.125,rpi4 1/8,8.7079809646355,3.5742883796298583,5
rkomuihv,iid,heterofl,1338,10,rpi4,0.25,rpi4 1/4,11.576666714181192,5.14199285267587,5
rkomuihv,iid,heterofl,1338,10,rpi5,0.5,rpi5 1/2,2.505337956198491,0.033248115645248474,5
rkomuihv,iid,heterofl,1338,10,rpi5,1.0,rpi5 1,4.338066679565236,0.03679485368407502,5
rkomuihv,iid,heterofl,1338,11,rpi4,0.125,rpi4 1/8,8.709877206408418,3.471887110688058,5
rkomuihv,iid,heterofl,1338,11,rpi4,0.25,rpi4 1/4,11.576434318209067,5.144960862141108,5
rkomuihv,iid,heterofl,1338,11,rpi5,0.5,rpi5 1/2,2.51772816341836,0.030310400544649087,5
rkomuihv,iid,heterofl,1338,11,rpi5,1.0,rpi5 1,4.355439743190073,0.033507926708999956,5
rkomuihv,iid,heterofl,1338,12,rpi4,0.125,rpi4 1/8,8.848344594589435,3.71504512681729,5
rkomuihv,iid,heterofl,1338,12,rpi4,0.25,rpi4 1/4,11.6473184625851,5.141562800841048,5
rkomuihv,iid,heterofl,1338,12,rpi5,0.5,rpi5 1/2,2.50718292419333,0.02516764814785806,5
rkomuihv,iid,heterofl,1338,12,rpi5,1.0,rpi5 1,4.3376270574051885,0.04626945064900887,5
rkomuihv,iid,heterofl,1338,13,rpi4,0.125,rpi4 1/8,8.70430028703995,3.531648691647446,5
rkomuihv,iid,heterofl,1338,13,rpi4,0.25,rpi4 1/4,11.551832193601877,5.179697266268219,5
rkomuihv,iid,heterofl,1338,13,rpi5,0.5,rpi5 1/2,2.495866742846556,0.028409150767258265,5
rkomuihv,iid,heterofl,1338,13,rpi5,1.0,rpi5 1,4.361317841219716,0.05371057566213056,5
rkomuihv,iid,heterofl,1338,14,rpi4,0.125,rpi4 1/8,8.689185292203911,3.436935120653094,5
rkomuihv,iid,heterofl,1338,14,rpi4,0.25,rpi4 1/4,11.573613034398296,5.121798720870731,5
rkomuihv,iid,heterofl,1338,14,rpi5,0.5,rpi5 1/2,2.511033652233891,0.02132899919562035,5
rkomuihv,iid,heterofl,1338,14,rpi5,1.0,rpi5 1,4.332228123955429,0.029355021794436338,5
rkomuihv,iid,heterofl,1338,15,rpi4,0.125,rpi4 1/8,8.764017405197956,3.4825782090584294,5
rkomuihv,iid,heterofl,1338,15,rpi4,0.25,rpi4 1/4,11.694033972616307,5.303690802910665,5
rkomuihv,iid,heterofl,1338,15,rpi5,0.5,rpi5 1/2,2.498265792382881,0.02348250061306131,5
rkomuihv,iid,heterofl,1338,15,rpi5,1.0,rpi5 1,4.352299198019319,0.0555648426491864,5
rkomuihv,iid,heterofl,1338,16,rpi4,0.125,rpi4 1/8,8.719856394361704,3.574898387655135,5
rkomuihv,iid,heterofl,1338,16,rpi4,0.25,rpi4 1/4,11.485309622786009,5.119677084122209,5
rkomuihv,iid,heterofl,1338,16,rpi5,0.5,rpi5 1/2,2.5099358182167633,0.02445791123494507,5
rkomuihv,iid,heterofl,1338,16,rpi5,1.0,rpi5 1,4.330962952598929,0.04287121389184812,5
rkomuihv,iid,heterofl,1338,17,rpi4,0.125,rpi4 1/8,8.591418944788165,3.3389669614513173,5
rkomuihv,iid,heterofl,1338,17,rpi4,0.25,rpi4 1/4,11.65923495502211,5.22910751449802,5
rkomuihv,iid,heterofl,1338,17,rpi5,0.5,rpi5 1/2,2.5187088108155877,0.029112512628531068,5
rkomuihv,iid,heterofl,1338,17,rpi5,1.0,rpi5 1,4.36563114116434,0.0718214900628301,5
rkomuihv,iid,heterofl,1338,18,rpi4,0.125,rpi4 1/8,8.704437480587512,3.5542327896303005,5
rkomuihv,iid,heterofl,1338,18,rpi4,0.25,rpi4 1/4,11.508373839175329,5.127856485510149,5
rkomuihv,iid,heterofl,1338,18,rpi5,0.5,rpi5 1/2,2.5010868859943,0.02684936826697575,5
rkomuihv,iid,heterofl,1338,18,rpi5,1.0,rpi5 1,4.374106954433955,0.06522094462209105,5
rkomuihv,iid,heterofl,1338,19,rpi4,0.125,rpi4 1/8,8.720902205165476,3.540371688979009,5
rkomuihv,iid,heterofl,1338,19,rpi4,0.25,rpi4 1/4,11.554752191598528,5.123707596921173,5
rkomuihv,iid,heterofl,1338,19,rpi5,0.5,rpi5 1/2,2.5206617711810395,0.03597794829702189,5
rkomuihv,iid,heterofl,1338,19,rpi5,1.0,rpi5 1,4.361239162785933,0.045904971728769166,5
rkomuihv,iid,heterofl,1338,20,rpi4,0.125,rpi4 1/8,8.593671721592546,3.5552933404134235,5
rkomuihv,iid,heterofl,1338,20,rpi4,0.25,rpi4 1/4,11.605404675821774,5.247856328227576,5
rkomuihv,iid,heterofl,1338,20,rpi5,0.5,rpi5 1/2,2.524618106009439,0.028376730744076154,5
rkomuihv,iid,heterofl,1338,20,rpi5,1.0,rpi5 1,4.37710010020528,0.05274110524548649,5
uwqx102v,iid,fedrolex,1338,1,rpi4,0.125,rpi4 1/8,14.384684196836314,3.346008936583958,5
uwqx102v,iid,fedrolex,1338,1,rpi4,0.25,rpi4 1/4,18.471966397576033,5.258070451194463,5
uwqx102v,iid,fedrolex,1338,1,rpi5,0.5,rpi5 1/2,9.442243748973123,0.9522853078838913,5
uwqx102v,iid,fedrolex,1338,1,rpi5,1.0,rpi5 1,11.179881228809245,0.9381658505349301,5
uwqx102v,iid,fedrolex,1338,2,rpi4,0.125,rpi4 1/8,8.839980864641257,3.7869598190693847,5
uwqx102v,iid,fedrolex,1338,2,rpi4,0.25,rpi4 1/4,11.829783279006369,4.84164777234046,5
uwqx102v,iid,fedrolex,1338,2,rpi5,0.5,rpi5 1/2,2.5093763497425243,0.013335669722798748,5
uwqx102v,iid,fedrolex,1338,2,rpi5,1.0,rpi5 1,4.392412185994909,0.02945487842979672,5
uwqx102v,iid,fedrolex,1338,3,rpi4,0.125,rpi4 1/8,8.727488446352073,3.796556216458613,5
uwqx102v,iid,fedrolex,1338,3,rpi4,0.25,rpi4 1/4,11.368408919777721,4.86908968490023,5
uwqx102v,iid,fedrolex,1338,3,rpi5,0.5,rpi5 1/2,2.507600543368608,0.025369885540391535,5
uwqx102v,iid,fedrolex,1338,3,rpi5,1.0,rpi5 1,4.328972816001624,0.023500909299533627,5
uwqx102v,iid,fedrolex,1338,4,rpi4,0.125,rpi4 1/8,8.840707009006291,3.84266389976534,5
uwqx102v,iid,fedrolex,1338,4,rpi4,0.25,rpi4 1/4,11.425764376600274,4.9805072265762504,5
uwqx102v,iid,fedrolex,1338,4,rpi5,0.5,rpi5 1/2,2.4974100385792553,0.013758198205029333,5
uwqx102v,iid,fedrolex,1338,4,rpi5,1.0,rpi5 1,4.355508288415149,0.05406802212131898,5
uwqx102v,iid,fedrolex,1338,5,rpi4,0.125,rpi4 1/8,8.755432492005639,3.7911024997480816,5
uwqx102v,iid,fedrolex,1338,5,rpi4,0.25,rpi4 1/4,11.87041882078629,4.876186019369518,5
uwqx102v,iid,fedrolex,1338,5,rpi5,0.5,rpi5 1/2,2.5093753174180167,0.04666433327338538,5
uwqx102v,iid,fedrolex,1338,5,rpi5,1.0,rpi5 1,4.3608417092124,0.050975181944457264,5
uwqx102v,iid,fedrolex,1338,6,rpi4,0.125,rpi4 1/8,8.836777245020494,3.8295119468425036,5
uwqx102v,iid,fedrolex,1338,6,rpi4,0.25,rpi4 1/4,11.786208556964993,4.779753841819863,5
uwqx102v,iid,fedrolex,1338,6,rpi5,0.5,rpi5 1/2,2.5044048131909222,0.032309889059490775,5
uwqx102v,iid,fedrolex,1338,6,rpi5,1.0,rpi5 1,4.349600072600879,0.014376009234434646,5
uwqx102v,iid,fedrolex,1338,7,rpi4,0.125,rpi4 1/8,8.783116970187985,3.7395322937858344,5
uwqx102v,iid,fedrolex,1338,7,rpi4,0.25,rpi4 1/4,11.452738129766658,4.9980924847737365,5
uwqx102v,iid,fedrolex,1338,7,rpi5,0.5,rpi5 1/2,2.5132796799996866,0.036157465851051764,5
uwqx102v,iid,fedrolex,1338,7,rpi5,1.0,rpi5 1,4.366949099232443,0.058938526996451225,5
uwqx102v,iid,fedrolex,1338,8,rpi4,0.125,rpi4 1/8,8.791934308828786,3.8452272442177193,5
uwqx102v,iid,fedrolex,1338,8,rpi4,0.25,rpi4 1/4,11.465864511393011,5.043659385354384,5
uwqx102v,iid,fedrolex,1338,8,rpi5,0.5,rpi5 1/2,2.51391848041676,0.014062121402209258,5
uwqx102v,iid,fedrolex,1338,8,rpi5,1.0,rpi5 1,4.3346162342233585,0.05418008494410722,5
uwqx102v,iid,fedrolex,1338,9,rpi4,0.125,rpi4 1/8,8.882965868175962,3.812236753544015,5
uwqx102v,iid,fedrolex,1338,9,rpi4,0.25,rpi4 1/4,11.553007356612943,5.188837703218743,5
uwqx102v,iid,fedrolex,1338,9,rpi5,0.5,rpi5 1/2,2.505616991384886,0.03824454624786348,5
uwqx102v,iid,fedrolex,1338,9,rpi5,1.0,rpi5 1,4.329043182195164,0.015063752145897337,5
uwqx102v,iid,fedrolex,1338,10,rpi4,0.125,rpi4 1/8,8.837343847984448,3.85850526424447,5
uwqx102v,iid,fedrolex,1338,10,rpi4,0.25,rpi4 1/4,11.869940105616115,4.899831447871935,5
uwqx102v,iid,fedrolex,1338,10,rpi5,0.5,rpi5 1/2,2.502696791384369,0.03501256672087697,5
uwqx102v,iid,fedrolex,1338,10,rpi5,1.0,rpi5 1,4.415093055181205,0.061493828656235046,5
uwqx102v,iid,fedrolex,1338,11,rpi4,0.125,rpi4 1/8,8.730128335393966,3.784329420926323,5
uwqx102v,iid,fedrolex,1338,11,rpi4,0.25,rpi4 1/4,11.477950686775149,5.061935934476938,5
uwqx102v,iid,fedrolex,1338,11,rpi5,0.5,rpi5 1/2,2.5123822771478443,0.025180058032619777,5
uwqx102v,iid,fedrolex,1338,11,rpi5,1.0,rpi5 1,4.302056403993629,0.0363944008292741,5
uwqx102v,iid,fedrolex,1338,12,rpi4,0.125,rpi4 1/8,8.760275138216093,3.791683959592125,5
uwqx102v,iid,fedrolex,1338,12,rpi4,0.25,rpi4 1/4,11.434404907561838,4.999448432248307,5
uwqx102v,iid,fedrolex,1338,12,rpi5,0.5,rpi5 1/2,2.490650493185967,0.0247340209918754,5
uwqx102v,iid,fedrolex,1338,12,rpi5,1.0,rpi5 1,4.361773062800057,0.0524982338770424,5
uwqx102v,iid,fedrolex,1338,13,rpi4,0.125,rpi4 1/8,8.861622451781296,3.7332116351068234,5
uwqx102v,iid,fedrolex,1338,13,rpi4,0.25,rpi4 1/4,11.431967062805779,4.986398878440528,5
uwqx102v,iid,fedrolex,1338,13,rpi5,0.5,rpi5 1/2,2.5051216022111475,0.04467894981859549,5
uwqx102v,iid,fedrolex,1338,13,rpi5,1.0,rpi5 1,4.368381452001631,0.06358468454862672,5
uwqx102v,iid,fedrolex,1338,14,rpi4,0.125,rpi4 1/8,8.779243557993322,3.716990119505803,5
uwqx102v,iid,fedrolex,1338,14,rpi4,0.25,rpi4 1/4,11.860630674241111,4.854271234090965,5
uwqx102v,iid,fedrolex,1338,14,rpi5,0.5,rpi5 1/2,2.511469157412648,0.018373588555778173,5
uwqx102v,iid,fedrolex,1338,14,rpi5,1.0,rpi5 1,4.347896700981073,0.03547208183105966,5
uwqx102v,iid,fedrolex,1338,15,rpi4,0.125,rpi4 1/8,8.810341610992328,3.8173526797869406,5
uwqx102v,iid,fedrolex,1338,15,rpi4,0.25,rpi4 1/4,11.398915262008085,4.818948264834641,5
uwqx102v,iid,fedrolex,1338,15,rpi5,0.5,rpi5 1/2,2.5003844283986836,0.03782082267373609,5
uwqx102v,iid,fedrolex,1338,15,rpi5,1.0,rpi5 1,4.309394143614918,0.040078567890231044,5
uwqx102v,iid,fedrolex,1338,16,rpi4,0.125,rpi4 1/8,8.784594772034325,3.777640397462503,5
uwqx102v,iid,fedrolex,1338,16,rpi4,0.25,rpi4 1/4,11.459846851974726,5.032860556280411,5
uwqx102v,iid,fedrolex,1338,16,rpi5,0.5,rpi5 1/2,2.505066905589774,0.048354570318013115,5
uwqx102v,iid,fedrolex,1338,16,rpi5,1.0,rpi5 1,4.328873940580524,0.027650175501020884,5
uwqx102v,iid,fedrolex,1338,17,rpi4,0.125,rpi4 1/8,8.777437528013252,3.9169949826787622,5
uwqx102v,iid,fedrolex,1338,17,rpi4,0.25,rpi4 1/4,11.563511856622062,5.129187866494176,5
uwqx102v,iid,fedrolex,1338,17,rpi5,0.5,rpi5 1/2,2.5169120497768747,0.046302275507607855,5
uwqx102v,iid,fedrolex,1338,17,rpi5,1.0,rpi5 1,4.339334245608188,0.06377596920995565,5
uwqx102v,iid,fedrolex,1338,18,rpi4,0.125,rpi4 1/8,8.79804409299977,3.7393441172325566,5
uwqx102v,iid,fedrolex,1338,18,rpi4,0.25,rpi4 1/4,11.646743997978046,4.787822578849478,5
uwqx102v,iid,fedrolex,1338,18,rpi5,0.5,rpi5 1/2,2.5143214120063933,0.020823899023681265,5
uwqx102v,iid,fedrolex,1338,18,rpi5,1.0,rpi5 1,4.328877403214574,0.04118925826509782,5
uwqx102v,iid,fedrolex,1338,19,rpi4,0.125,rpi4 1/8,8.807307643420064,3.7860287306470672,5
uwqx102v,iid,fedrolex,1338,19,rpi4,0.25,rpi4 1/4,11.47739164121449,4.899333786228798,5
uwqx102v,iid,fedrolex,1338,19,rpi5,0.5,rpi5 1/2,2.4896456700284033,0.030541310419296915,5
uwqx102v,iid,fedrolex,1338,19,rpi5,1.0,rpi5 1,4.342184451431967,0.02117112825128208,5
uwqx102v,iid,fedrolex,1338,20,rpi4,0.125,rpi4 1/8,8.814695550198667,3.8184541187237513,5
uwqx102v,iid,fedrolex,1338,20,rpi4,0.25,rpi4 1/4,11.430671121389604,4.9179203933703635,5
uwqx102v,iid,fedrolex,1338,20,rpi5,0.5,rpi5 1/2,2.495272075361572,0.010812325710743262,5
uwqx102v,iid,fedrolex,1338,20,rpi5,1.0,rpi5 1,4.354509467002936,0.05235820553916383,5
