case,seed,run_id,wall_clock_s,wall_clock_min,server_round,eval_acc
A,1337,fpm16oq8,381.115975653,6.35193292755,,0.1386
A,1337,fpm16oq8,808.145438496,13.4690906416,1,0.2947
A,1337,fpm16oq8,883.059935593,14.717665593216667,2,0.3502
A,1337,fpm16oq8,957.954671897,15.965911198283333,3,0.3802
A,1337,fpm16oq8,1032.841255251,17.214020920849997,4,0.4095
A,1337,fpm16oq8,1107.744696497,18.462411608283332,5,0.4355
A,1337,fpm16oq8,1182.636996793,19.710616613216665,6,0.4592
A,1337,fpm16oq8,1257.59984689,20.959997448166668,7,0.483
A,1337,fpm16oq8,1332.49916217,22.2083193695,8,0.5029
A,1337,fpm16oq8,1408.341093897,23.47235156495,9,0.5223
A,1337,fpm16oq8,1483.189549479,24.719825824650002,10,0.5358
A,1337,fpm16oq8,1558.194509255,25.969908487583332,11,0.5493
A,1337,fpm16oq8,1633.111319912,27.218521998533333,12,0.5635
A,1337,fpm16oq8,1706.105597607,28.43509329345,13,0.5796
A,1337,fpm16oq8,1781.035331478,29.6839221913,14,0.5915
A,1337,fpm16oq8,1855.94775905,30.932462650833333,15,0.6036
A,1337,fpm16oq8,1930.912208091,32.18187013485,16,0.6149
A,1337,fpm16oq8,2005.788519847,33.42980866411667,17,0.6246
A,1337,fpm16oq8,2081.759895062,34.69599825103333,18,0.631
A,1337,fpm16oq8,2156.675233829,35.94458723048333,19,0.6374
A,1337,fpm16oq8,2231.524429556,37.192073825933335,20,0.6429
A,1338,0af3kedu,395.629165581,6.59381942635,,0.0998
A,1338,0af3kedu,729.576395986,12.159606599766667,1,0.236
A,1338,0af3kedu,804.564375464,13.409406257733334,2,0.4175
A,1338,0af3kedu,879.478926917,14.657982115283334,3,0.4609
A,1338,0af3kedu,954.465443015,15.907757383583334,4,0.5105
A,1338,0af3kedu,1029.387397677,17.15645662795,5,0.5369
A,1338,0af3kedu,1104.309644697,18.405160744950003,6,0.5565
A,1338,0af3kedu,1179.214806116,19.653580101933336,7,0.5709
A,1338,0af3kedu,1254.133314888,20.902221914800002,8,0.5828
A,1338,0af3kedu,1329.061127245,22.151018787416668,9,0.5954
A,1338,0af3kedu,1404.005268608,23.400087810133336,10,0.608
A,1338,0af3kedu,1478.904608646,24.6484101441,11,0.6189
A,1338,0af3kedu,1556.051746568,25.934195776133333,12,0.6272
A,1338,0af3kedu,1630.919256221,27.181987603683336,13,0.6322
A,1338,0af3kedu,1705.802990691,28.43004984485,14,0.6405
A,1338,0af3kedu,1780.719376146,29.6786562691,15,0.6457
A,1338,0af3kedu,1855.637978527,30.92729964211667,16,0.6506
A,1338,0af3kedu,1930.500394192,32.17500656986667,17,0.6535
A,1338,0af3kedu,2005.350970085,33.422516168083334,18,0.6558
A,1338,0af3kedu,2081.207393033,34.68678988388333,19,0.6573
A,1338,0af3kedu,2156.084063639,35.934734393983334,20,0.6587
A,1339,6gj362to,395.905678749,6.59842797915,,0.1011
A,1339,6gj362to,1168.203164604,19.4700527434,1,0.2351
A,1339,6gj362to,1243.296390458,20.721606507633332,2,0.3219
A,1339,6gj362to,1318.344502379,21.972408372983335,3,0.3617
A,1339,6gj362to,1393.50164362,23.225027393666668,4,0.4022
A,1339,6gj362to,1468.588567239,24.47647612065,5,0.4322
A,1339,6gj362to,1543.738802945,25.728980049083336,6,0.4552
A,1339,6gj362to,1618.78208504,26.979701417333334,7,0.4766
A,1339,6gj362to,1693.828325951,28.23047209918333,8,0.4978
A,1339,6gj362to,1768.92714126,29.482119021000003,9,0.5132
A,1339,6gj362to,1843.990158022,30.73316930036667,10,0.5255
A,1339,6gj362to,1919.067516869,31.984458614483334,11,0.5424
A,1339,6gj362to,1994.130636699,33.23551061165,12,0.5537
A,1339,6gj362to,2069.178262176,34.4863043696,13,0.5608
A,1339,6gj362to,2144.305991462,35.73843319103333,14,0.5702
A,1339,6gj362to,2220.357126755,37.00595211258334,15,0.5764
A,1339,6gj362to,2295.385956452,38.256432607533334,16,0.5828
A,1339,6gj362to,2370.448370786,39.50747284643333,17,0.5889
A,1339,6gj362to,2446.51497234,40.775249539,18,0.5937
A,1339,6gj362to,2521.475863935,42.024597732249994,19,0.6001
A,1339,6gj362to,2596.453002471,43.27421670785,20,0.6062
B,1337,g72gi4nc,282.442973446,4.707382890766667,,0.1386
B,1337,g72gi4nc,804.33323078,13.405553846333333,1,0.2401
B,1337,g72gi4nc,1178.068687355,19.634478122583335,2,0.3439
B,1337,g72gi4nc,1548.925580592,25.8154263432,3,0.4183
B,1337,g72gi4nc,1922.80831867,32.046805311166665,4,0.4756
B,1337,g72gi4nc,2295.444996129,38.25741660215,5,0.5204
B,1337,g72gi4nc,2666.103316955,44.435055282583335,6,0.5527
B,1337,g72gi4nc,3035.886094756,50.59810157926667,7,0.581
B,1337,g72gi4nc,3409.765290286,56.829421504766664,8,0.6034
B,1337,g72gi4nc,3781.683068759,63.02805114598333,9,0.6214
B,1337,g72gi4nc,4150.664943656,69.17774906093334,10,0.6381
B,1337,g72gi4nc,4523.333651545,75.38889419241667,11,0.6525
B,1337,g72gi4nc,4895.995545633,81.59992576055,12,0.6637
B,1337,g72gi4nc,5265.776084949,87.76293474914999,13,0.6746
B,1337,g72gi4nc,5633.620635488,93.89367725813332,14,0.6838
B,1337,g72gi4nc,6006.293325365,100.10488875608333,15,0.6901
B,1337,g72gi4nc,6380.200123716,106.3366687286,16,0.6966
B,1337,g72gi4nc,6749.894777293,112.49824628821666,17,0.7053
B,1337,g72gi4nc,7120.798799999,118.67997999998333,18,0.71
B,1337,g72gi4nc,7493.586900923,124.89311501538333,19,0.7161
B,1337,g72gi4nc,7863.265917374,131.05443195623334,20,0.7216
B,1338,7omy50op,252.346399285,4.205773321416666,,0.0998
B,1338,7omy50op,704.100306544,11.735005109066666,1,0.2124
B,1338,7omy50op,1088.970620784,18.1495103464,2,0.3539
B,1338,7omy50op,1474.649707902,24.5774951317,3,0.4735
B,1338,7omy50op,1862.459538834,31.040992313900002,4,0.5293
B,1338,7omy50op,2251.046001066,37.517433351099996,5,0.5695
B,1338,7omy50op,2639.973542776,43.99955904626667,6,0.5984
B,1338,7omy50op,3030.787505052,50.513125084200006,7,0.6238
B,1338,7omy50op,3417.505242655,56.95842071091667,8,0.6444
B,1338,7omy50op,3808.369119119,63.47281865198333,9,0.6602
B,1338,7omy50op,4199.198732435,69.98664554058334,10,0.6744
B,1338,7omy50op,4580.858591887,76.34764319811667,11,0.684
B,1338,7omy50op,4968.570171586,82.80950285976665,12,0.692
B,1338,7omy50op,5355.359859115,89.25599765191667,13,0.702
B,1338,7omy50op,5743.119883364,95.71866472273334,14,0.7089
B,1338,7omy50op,6124.800747831,102.08001246385,15,0.7144
B,1338,7omy50op,6509.583144824,108.49305241373332,16,0.7208
B,1338,7omy50op,6896.464049594,114.94106749323333,17,0.7261
B,1338,7omy50op,7284.229222272,121.4038203712,18,0.7315
B,1338,7omy50op,7673.019723027,127.88366205045,19,0.7334
B,1338,7omy50op,8057.744862352,134.29574770586666,20,0.7406
B,1339,ujj3zqhx,564.345634436,9.405760573933332,,0.1011
B,1339,ujj3zqhx,1480.797737912,24.679962298533333,1,0.2309
B,1339,ujj3zqhx,1868.557522571,31.142625376183332,2,0.3543
B,1339,ujj3zqhx,2253.267668691,37.55446114485,3,0.4273
B,1339,ujj3zqhx,2642.089994525,44.03483324208333,4,0.4991
B,1339,ujj3zqhx,3032.741293686,50.5456882281,5,0.5432
B,1339,ujj3zqhx,3416.671557506,56.94452595843334,6,0.5734
B,1339,ujj3zqhx,3806.176857587,63.43628095978333,7,0.6035
B,1339,ujj3zqhx,4187.960941313,69.79934902188333,8,0.6251
B,1339,ujj3zqhx,4573.430899904,76.22384833173334,9,0.6431
B,1339,ujj3zqhx,4961.088704099,82.68481173498334,10,0.658
B,1339,ujj3zqhx,5348.776535453,89.14627559088333,11,0.6696
B,1339,ujj3zqhx,5737.562004542,95.62603340903334,12,0.6815
B,1339,ujj3zqhx,6122.370235954,102.03950393256667,13,0.6893
B,1339,ujj3zqhx,6507.037624059,108.45062706765,14,0.6975
B,1339,ujj3zqhx,6892.732244644,114.87887074406667,15,0.7048
B,1339,ujj3zqhx,7279.722891718,121.32871486196667,16,0.7105
B,1339,ujj3zqhx,7670.368133449,127.83946889081668,17,0.7162
B,1339,ujj3zqhx,8056.107543707,134.26845906178335,18,0.7234
B,1339,ujj3zqhx,8440.754176827,140.67923628045,19,0.7263
B,1339,ujj3zqhx,8829.334382246,147.15557303743333,20,0.7314
C,1337,tzfxbsw3,227.843860505,3.7973976750833334,,0.1121
C,1337,tzfxbsw3,673.569123356,11.226152055933333,1,0.2842
C,1337,tzfxbsw3,788.309840022,13.1384973337,2,0.3722
C,1337,tzfxbsw3,900.962412864,15.0160402144,3,0.4228
C,1337,tzfxbsw3,1016.508069705,16.94180116175,4,0.4671
C,1337,tzfxbsw3,1131.277379412,18.854622990200003,5,0.5025
C,1337,tzfxbsw3,1245.970138266,20.7661689711,6,0.5292
C,1337,tzfxbsw3,1363.651896326,22.727531605433335,7,0.5518
C,1337,tzfxbsw3,1478.306403751,24.63844006251667,8,0.5716
C,1337,tzfxbsw3,1594.103643709,26.568394061816665,9,0.5868
C,1337,tzfxbsw3,1707.850717647,28.46417862745,10,0.5973
C,1337,tzfxbsw3,1822.566890882,30.376114848033335,11,0.6097
C,1337,tzfxbsw3,1937.308729381,32.28847882301667,12,0.6176
C,1337,tzfxbsw3,2052.084501286,34.20140835476666,13,0.6258
C,1337,tzfxbsw3,2166.779044492,36.11298407486667,14,0.6326
C,1337,tzfxbsw3,2284.631661736,38.07719436226667,15,0.6343
C,1337,tzfxbsw3,2399.382954626,39.98971591043333,16,0.6371
C,1337,tzfxbsw3,2512.144148176,41.86906913626667,17,0.6407
C,1337,tzfxbsw3,2623.787431449,43.72979052415,18,0.6446
C,1337,tzfxbsw3,2739.282353082,45.6547058847,19,0.6491
C,1337,tzfxbsw3,2852.83526002,47.547254333666665,20,0.6534
C,1338,2qfr68hm,157.052070311,2.6175345051833334,,0.0834
C,1338,2qfr68hm,570.097948102,9.501632468366667,1,0.3287
C,1338,2qfr68hm,689.028205942,11.483803432366667,2,0.4295
C,1338,2qfr68hm,806.931660956,13.448861015933334,3,0.4804
C,1338,2qfr68hm,925.099857422,15.418330957033334,4,0.5162
C,1338,2qfr68hm,1042.952491393,17.382541523216666,5,0.5458
C,1338,2qfr68hm,1161.765265705,19.362754428416668,6,0.57
C,1338,2qfr68hm,1280.502912603,21.341715210049998,7,0.5871
C,1338,2qfr68hm,1396.353823316,23.272563721933334,8,0.5992
C,1338,2qfr68hm,1514.236619733,25.23727699555,9,0.6109
C,1338,2qfr68hm,1634.111139052,27.235185650866665,10,0.6222
C,1338,2qfr68hm,1750.222969599,29.17038282665,11,0.6307
C,1338,2qfr68hm,1869.118988231,31.151983137183333,12,0.6347
C,1338,2qfr68hm,1987.170120133,33.11950200221666,13,0.6403
C,1338,2qfr68hm,2105.057752351,35.08429587251667,14,0.6432
C,1338,2qfr68hm,2223.901224023,37.06502040038333,15,0.6482
C,1338,2qfr68hm,2341.808767689,39.03014612815,16,0.6502
C,1338,2qfr68hm,2459.607140932,40.99345234886667,17,0.6524
C,1338,2qfr68hm,2577.449866056,42.957497767599996,18,0.656
C,1338,2qfr68hm,2694.620452319,44.91034087198333,19,0.6559
C,1338,2qfr68hm,2813.498846329,46.89164743881667,20,0.6594
C,1339,ob28xz99,885.030719275,14.750511987916667,,0.0923
C,1339,ob28xz99,2171.746162841,36.19576938068334,1,0.256
C,1339,ob28xz99,2287.594552806,38.1265758801,2,0.3569
C,1339,ob28xz99,2406.421188789,40.10701981315,3,0.4063
C,1339,ob28xz99,2524.168491816,42.0694748636,4,0.4451
C,1339,ob28xz99,2643.253290109,44.05422150181666,5,0.4869
C,1339,ob28xz99,2759.890735744,45.99817892906666,6,0.5087
C,1339,ob28xz99,2879.747418908,47.995790315133334,7,0.5289
C,1339,ob28xz99,2997.543378865,49.959056314416664,8,0.5451
C,1339,ob28xz99,3115.574104853,51.92623508088333,9,0.5554
C,1339,ob28xz99,3234.516107841,53.90860179735,10,0.5632
C,1339,ob28xz99,3352.324953172,55.872082552866665,11,0.5698
C,1339,ob28xz99,3469.031569203,57.817192820049996,12,0.5784
C,1339,ob28xz99,3586.91809354,59.78196822566667,13,0.5847
C,1339,ob28xz99,3704.632050756,61.7438675126,14,0.5909
C,1339,ob28xz99,3823.667727395,63.72779545658333,15,0.5981
C,1339,ob28xz99,3941.598846167,65.69331410278333,16,0.6018
C,1339,ob28xz99,4059.377909841,67.65629849735,17,0.6048
C,1339,ob28xz99,4177.15626842,69.61927114033332,18,0.6088
C,1339,ob28xz99,4294.946924264,71.58244873773333,19,0.6119
C,1339,ob28xz99,4414.176338487,73.56960564145,20,0.6161
D,1337,6mdnoagt,70.170788712,1.1695131452,,0.086
D,1337,6mdnoagt,236.774451017,3.946240850283333,1,0.3026
D,1337,6mdnoagt,351.475120219,5.857918670316667,2,0.375
D,1337,6mdnoagt,466.153876358,7.769231272633333,3,0.4157
D,1337,6mdnoagt,582.19134242,9.703189040333333,4,0.4572
D,1337,6mdnoagt,698.032052412,11.633867540199999,5,0.4932
D,1337,6mdnoagt,810.992917262,13.516548621033333,6,0.5202
D,1337,6mdnoagt,926.736806856,15.445613447600001,7,0.5425
D,1337,6mdnoagt,1041.453882638,17.357564710633334,8,0.5583
D,1337,6mdnoagt,1157.170424201,19.286173736683335,9,0.5723
D,1337,6mdnoagt,1271.918748253,21.198645804216667,10,0.5872
D,1337,6mdnoagt,1385.668639377,23.094477322950002,11,0.5927
D,1337,6mdnoagt,1501.539965372,25.025666089533335,12,0.6169
D,1337,6mdnoagt,1616.328542316,26.938809038600002,13,0.6244
D,1337,6mdnoagt,1731.129571326,28.8521595221,14,0.6202
D,1337,6mdnoagt,1847.140238833,30.785670647216666,15,0.6362
D,1337,6mdnoagt,1961.236583824,32.68727639706667,16,0.6371
D,1337,6mdnoagt,2076.024342638,34.60040571063333,17,0.6372
D,1337,6mdnoagt,2191.587359103,36.52645598505,18,0.6388
D,1337,6mdnoagt,2306.457120214,38.440952003566665,19,0.6415
D,1337,6mdnoagt,2421.284940845,40.35474901408334,20,0.6435
D,1338,pmkh74e7,978.110284531,16.301838075516667,,0.0905
D,1338,pmkh74e7,1787.354739301,29.789245655016668,1,0.2763
D,1338,pmkh74e7,1904.934076079,31.748901267983335,2,0.4326
D,1338,pmkh74e7,2023.657935902,33.727632265033336,3,0.4688
D,1338,pmkh74e7,2141.272583471,35.68787639118333,4,0.5069
D,1338,pmkh74e7,2258.990786956,37.64984644926667,5,0.5377
D,1338,pmkh74e7,2376.687379354,39.61145632256667,6,0.5545
D,1338,pmkh74e7,2495.468614099,41.59114356831667,7,0.5725
D,1338,pmkh74e7,2613.239533823,43.55399223038333,8,0.5818
D,1338,pmkh74e7,2732.193383432,45.53655639053333,9,0.5817
D,1338,pmkh74e7,2849.953438843,47.49922398071667,10,0.5899
D,1338,pmkh74e7,2967.660408715,49.46100681191667,11,0.6032
D,1338,pmkh74e7,3083.580569998,51.39300949996667,12,0.6037
D,1338,pmkh74e7,3198.324326205,53.30540543675,13,0.6137
D,1338,pmkh74e7,3316.03101825,55.267183637500004,14,0.6225
D,1338,pmkh74e7,3433.730944428,57.2288490738,15,0.6203
D,1338,pmkh74e7,3551.446035573,59.19076725954999,16,0.6207
D,1338,pmkh74e7,3669.25161376,61.15419356266667,17,0.6311
D,1338,pmkh74e7,3786.932288928,63.115538148800006,18,0.6461
D,1338,pmkh74e7,3907.638044491,65.12730074151666,19,0.6507
D,1338,pmkh74e7,4025.381472427,67.08969120711667,20,0.6445
D,1339,pdc8ren0,893.534948025,14.89224913375,,0.0887
D,1339,pdc8ren0,2178.223832127,36.30373053545,1,0.2562
D,1339,pdc8ren0,2297.159534022,38.2859922337,2,0.3486
D,1339,pdc8ren0,2414.967544403,40.249459073383335,3,0.3923
D,1339,pdc8ren0,2531.971745812,42.19952909686666,4,0.4284
D,1339,pdc8ren0,2651.01230699,44.183538449833335,5,0.4618
D,1339,pdc8ren0,2766.915598549,46.11525997581667,6,0.4829
D,1339,pdc8ren0,2884.742739581,48.07904565968333,7,0.5006
D,1339,pdc8ren0,3002.592622817,50.043210380283334,8,0.5137
D,1339,pdc8ren0,3120.379036256,52.00631727093333,9,0.5309
D,1339,pdc8ren0,3239.204261303,53.98673768838333,10,0.538
D,1339,pdc8ren0,3358.080044161,55.96800073601666,11,0.5424
D,1339,pdc8ren0,3473.986962401,57.89978270668333,12,0.5542
D,1339,pdc8ren0,3592.015933434,59.8669322239,13,0.5565
D,1339,pdc8ren0,3710.982620132,61.84971033553334,14,0.5595
D,1339,pdc8ren0,3828.769274829,63.812821247150005,15,0.564
D,1339,pdc8ren0,3946.757434606,65.77929057676667,16,0.56
D,1339,pdc8ren0,4064.608477969,67.74347463281667,17,0.5662
D,1339,pdc8ren0,4183.652579477,69.72754299128333,18,0.5866
D,1339,pdc8ren0,4300.426430837,71.67377384728334,19,0.5875
D,1339,pdc8ren0,4418.253339999,73.63755566665,20,0.5943
E,1337,cxrzamhs,73.234987201,1.2205831200166666,,0.1081
E,1337,cxrzamhs,532.142636766,8.8690439461,1,0.2876
E,1337,cxrzamhs,940.100810751,15.668346845850001,2,0.4048
E,1337,cxrzamhs,1346.053977521,22.43423295868333,3,0.4353
E,1337,cxrzamhs,1752.087061006,29.20145101676667,4,0.4909
E,1337,cxrzamhs,2157.287116244,35.95478527073333,5,0.5271
E,1337,cxrzamhs,2565.401912478,42.756698541300004,6,0.5529
E,1337,cxrzamhs,2975.492948258,49.591549137633336,7,0.5749
E,1337,cxrzamhs,3378.459464866,56.30765774776667,8,0.5927
E,1337,cxrzamhs,3787.28026468,63.12133774466667,9,0.6044
E,1337,cxrzamhs,4194.076308282,69.9012718047,10,0.6162
E,1337,cxrzamhs,4600.160517248,76.66934195413334,11,0.6249
E,1337,cxrzamhs,5004.198559886,83.40330933143333,12,0.6335
E,1337,cxrzamhs,5410.09347618,90.168224603,13,0.6405
E,1337,cxrzamhs,5817.160657632,96.9526776272,14,0.6466
E,1337,cxrzamhs,6226.07880113,103.76798001883334,15,0.6506
E,1337,cxrzamhs,6632.056822364,110.53428037273333,16,0.6604
E,1337,cxrzamhs,7037.143856448,117.28573094080001,17,0.6606
E,1337,cxrzamhs,7446.188737615,124.10314562691666,18,0.6699
E,1337,cxrzamhs,7853.231670443,130.88719450738333,19,0.6723
E,1337,cxrzamhs,8257.215282528,137.62025470880002,20,0.6799
E,1338,jbpa4i7h,423.002974466,7.050049574433333,,0.0933
E,1338,jbpa4i7h,1491.318580157,24.855309669283333,1,0.2971
E,1338,jbpa4i7h,1913.569148703,31.89281914505,2,0.4309
E,1338,jbpa4i7h,2337.574799696,38.95957999493333,3,0.5091
E,1338,jbpa4i7h,2760.735365818,46.01225609696667,4,0.5422
E,1338,jbpa4i7h,3184.835133031,53.080585550516666,5,0.5737
E,1338,jbpa4i7h,3610.066606783,60.16777677971667,6,0.5944
E,1338,jbpa4i7h,4031.150251302,67.1858375217,7,0.6111
E,1338,jbpa4i7h,4456.340887341,74.27234812235,8,0.6225
E,1338,jbpa4i7h,4881.416561308,81.35694268846667,9,0.6335
E,1338,jbpa4i7h,5305.403881931,88.42339803218333,10,0.6431
E,1338,jbpa4i7h,5728.737263867,95.47895439778334,11,0.6531
E,1338,jbpa4i7h,6153.075412943,102.55125688238333,12,0.6613
E,1338,jbpa4i7h,6581.734536437,109.69557560728335,13,0.6673
E,1338,jbpa4i7h,7003.883558367,116.73139263945,14,0.6712
E,1338,jbpa4i7h,7427.984466923,123.79974111538333,15,0.6785
E,1338,jbpa4i7h,7855.073607059,130.91789345098334,16,0.6831
E,1338,jbpa4i7h,8281.387170841,138.02311951401668,17,0.688
E,1338,jbpa4i7h,8706.300419272,145.10500698786666,18,0.6916
E,1338,jbpa4i7h,9134.345682314,152.23909470523333,19,0.694
E,1338,jbpa4i7h,9555.517687694,159.25862812823334,20,0.6945
E,1339,2f390yeq,519.708628358,8.661810472633334,,0.095
E,1339,2f390yeq,1891.231731926,31.520528865433334,1,0.2421
E,1339,2f390yeq,2314.521874525,38.575364575416664,2,0.3966
E,1339,2f390yeq,2739.698265329,45.66163775548333,3,0.4219
E,1339,2f390yeq,3164.806215598,52.74677025996667,4,0.4898
E,1339,2f390yeq,3589.932606795,59.83221011325,5,0.5125
E,1339,2f390yeq,4018.314569767,66.97190949611667,6,0.546
E,1339,2f390yeq,4442.19601057,74.03660017616667,7,0.5662
E,1339,2f390yeq,4868.409616779,81.14016027965,8,0.5834
E,1339,2f390yeq,5289.386798743,88.15644664571667,9,0.5924
E,1339,2f390yeq,5715.533401773,95.25889002955,10,0.605
E,1339,2f390yeq,6139.678375897,102.32797293161666,11,0.612
E,1339,2f390yeq,6569.766086451,109.49610144085,12,0.6252
E,1339,2f390yeq,6996.876836601,116.61461394335,13,0.6318
E,1339,2f390yeq,7417.99605706,123.63326761766666,14,0.6362
E,1339,2f390yeq,7844.420277042,130.7403379507,15,0.642
E,1339,2f390yeq,8269.574791499,137.82624652498333,16,0.6425
E,1339,2f390yeq,8694.864001766,144.91440002943332,17,0.6507
E,1339,2f390yeq,9120.025598673,152.00042664455,18,0.6537
E,1339,2f390yeq,9545.340920549,159.08901534248335,19,0.6549
E,1339,2f390yeq,9970.873694239,166.18122823731667,20,0.6604
