method,label,seed,run_id,target_reached,best_acc,final_acc,target_client_trips,target_wall_clock_s,final_client_trips,runtime_s,rpi4_weight_share,coverage_gain_mean,coverage_mass_mean
heterofl,HeteroFL,1337,p7mswz2d,False,0.5459,0.5459,500.0,4401.976736543002,500.0,4401.976736543002,0.5,,
heterofl,HeteroFL,1338,uez5yc9s,True,0.6006,0.6006,340.0,2646.806068020989,340.0,3354.785811512964,0.5,,
heterofl,HeteroFL,1339,z2a8to3q,True,0.6024,0.6024,420.0,2237.3992168119876,420.0,2366.6627803419833,0.5,,
async_heterofl,Async HeteroFL,1337,entgqdnf,True,0.6093,0.6093,420.0,2898.024812849995,420.0,2918.8028768490185,0.469155654883423,,
async_heterofl,Async HeteroFL,1338,l1qhsxeq,True,0.6024,0.6024,360.0,1845.946142730012,360.0,1866.697290386015,0.4240869499980626,,
async_heterofl,Async HeteroFL,1339,wi1dsf8d,True,0.6051,0.6051,420.0,2129.6750067340326,420.0,2150.2696933689876,0.45703928644795455,,
fedcover,FedCover,1337,eajmk8ms,True,0.6029,0.6029,340.0,1748.3355656450149,340.0,1768.9339434550493,0.4371015484460596,1.9745713472366333,0.16073410212993622
fedcover,FedCover,1338,kawgrsj8,True,0.6243,0.6243,400.0,2474.4155627409928,400.0,2495.219900194963,0.41508344978648537,1.9318952560424805,0.18052765727043152
fedcover,FedCover,1339,pu8puo1w,True,0.6026,0.6026,340.0,2419.539596056973,340.0,2440.289396456966,0.4711398907178724,1.8198738098144531,0.31413620710372925
