regime,topology,method,x,n,eval_acc_mean,eval_acc_std
iid,all_rpi5,fedavg,15.0,3,0.4017,0.00045825756949558806
iid,all_rpi5,fedavg,30.0,3,0.44356666666666666,0.0011239810200058093
iid,all_rpi5,fedavg,45.0,3,0.47503333333333336,0.001504437879519562
iid,all_rpi5,fedavg,60.0,3,0.5,0.003439476704383983
iid,all_rpi5,fedavg,75.0,3,0.5187,0.004590206967011394
iid,all_rpi5,fedavg,90.0,3,0.5356333333333333,0.0015011106998929899
iid,all_rpi5,fedavg,105.0,3,0.5498999999999999,0.0009539392014169686
iid,all_rpi5,fedavg,120.0,3,0.5598,0.0020074859899884786
iid,all_rpi5,fedavg,135.0,3,0.5718,0.00017320508075686865
iid,all_rpi5,fedavg,150.0,3,0.5817,0.0011135528725659913
iid,all_rpi5,fedavg,165.0,3,0.5896666666666667,0.0009609023536933089
iid,all_rpi5,fedavg,180.0,3,0.5984333333333334,0.0015307950004273374
iid,all_rpi5,fedavg,195.0,3,0.6056333333333334,0.0019425069712444177
iid,all_rpi5,fedbuff,10.0,3,0.3747,0.0302841542724904
iid,all_rpi5,fedbuff,20.0,3,0.39166666666666666,0.01313938101028102
iid,all_rpi5,fedbuff,30.0,3,0.4018,0.010868302535354809
iid,all_rpi5,fedbuff,40.0,3,0.42449999999999993,0.006869497798238228
iid,all_rpi5,fedbuff,50.0,3,0.4442,0.017423260314877915
iid,all_rpi5,fedbuff,60.0,3,0.4562,0.012510795338426726
iid,all_rpi5,fedbuff,70.0,3,0.46609999999999996,0.010650352106855433
iid,all_rpi5,fedbuff,80.0,3,0.4797,0.013368619973654705
iid,all_rpi5,fedbuff,90.0,3,0.4940333333333333,0.021970965689594363
iid,all_rpi5,fedbuff,100.0,3,0.49933333333333335,0.02016167982419452
iid,all_rpi5,fedbuff,110.0,3,0.5040333333333333,0.015392963760541192
iid,all_rpi5,fedbuff,120.0,3,0.5104333333333333,0.018124660916368433
iid,all_rpi5,fedbuff,130.0,3,0.5188,0.02149627874772748
iid,all_rpi5,fedbuff,140.0,3,0.5230333333333334,0.020903667939702178
iid,all_rpi5,fedbuff,150.0,3,0.5272333333333333,0.02023099931623087
iid,all_rpi5,fedbuff,160.0,3,0.5369,0.023951826652679368
iid,all_rpi5,fedbuff,170.0,3,0.5431666666666667,0.025493986218975886
iid,all_rpi5,fedbuff,180.0,3,0.5464666666666667,0.026832132478305484
iid,all_rpi5,fedbuff,190.0,3,0.5531,0.028161676086483223
iid,all_rpi5,fedbuff,200.0,3,0.5571666666666667,0.029367555794334206
iid,all_rpi5,fedbuff,210.0,3,0.5603333333333333,0.028672693164984258
iid,all_rpi5,fedbuff,220.0,3,0.5649666666666667,0.02690470838595603
iid,all_rpi5,fedbuff,230.0,3,0.5673333333333334,0.026678893030508827
iid,all_rpi5,fedbuff,240.0,3,0.5717333333333333,0.028919255407657593
iid,all_rpi5,fedbuff,250.0,3,0.5743666666666667,0.026647576500187266
iid,all_rpi5,fedbuff,260.0,3,0.5765666666666667,0.024730817482107863
iid,all_rpi5,fedbuff,270.0,3,0.5783999999999999,0.023204956367121207
iid,all_rpi5,fedbuff,280.0,3,0.5806,0.02131642559154791
iid,all_rpi5,fedbuff,290.0,3,0.5829,0.019362851029742462
iid,all_rpi5,fedbuff,300.0,3,0.5854333333333334,0.017050610937245997
iid,all_rpi5,fedbuff,310.0,3,0.5875,0.015253851972534664
iid,all_rpi5,fedbuff,320.0,3,0.5894666666666667,0.013538956138984013
iid,all_rpi5,fedbuff,330.0,3,0.5919,0.01150521620831177
iid,all_rpi5,fedbuff,340.0,3,0.5937,0.009933780750550117
iid,all_rpi5,fedbuff,350.0,3,0.5958666666666667,0.008015193904911663
iid,all_rpi5,fedbuff,360.0,3,0.5982333333333333,0.005976899976855328
iid,all_rpi5,fedbuff,370.0,3,0.5985333333333333,0.005692392584259553
iid,all_rpi5,fedbuff,380.0,3,0.6002,0.00426731765867035
iid,all_rpi5,fedbuff,390.0,3,0.6023,0.0027055498516937175
iid,all_rpi5,fedbuff,400.0,3,0.6027999999999999,0.00204205778566622
iid,all_rpi5,fedstaleweight,10.0,3,0.3719666666666667,0.02434056970026243
iid,all_rpi5,fedstaleweight,20.0,3,0.40736666666666665,0.0035571524191877375
iid,all_rpi5,fedstaleweight,30.0,3,0.4091,0.006226556030423238
iid,all_rpi5,fedstaleweight,40.0,3,0.42169999999999996,0.009619251530134765
iid,all_rpi5,fedstaleweight,50.0,3,0.43893333333333334,0.009297490700900597
iid,all_rpi5,fedstaleweight,60.0,3,0.4611,0.009935290634903438
iid,all_rpi5,fedstaleweight,70.0,3,0.48163333333333336,0.005320087718575073
iid,all_rpi5,fedstaleweight,80.0,3,0.4947,0.004687216658103186
iid,all_rpi5,fedstaleweight,90.0,3,0.5053666666666666,0.0030664855018951976
iid,all_rpi5,fedstaleweight,100.0,3,0.5132666666666666,0.0015307950004273614
iid,all_rpi5,fedstaleweight,110.0,3,0.5224666666666667,0.002335237318418288
iid,all_rpi5,fedstaleweight,120.0,3,0.5278999999999999,0.0014525839046333994
iid,all_rpi5,fedstaleweight,130.0,3,0.5324,0.0029715315916207545
iid,all_rpi5,fedstaleweight,140.0,3,0.5386666666666666,0.0035921210076128233
iid,all_rpi5,fedstaleweight,150.0,3,0.5452,0.0025357444666212073
iid,all_rpi5,fedstaleweight,160.0,3,0.5526,0.001044030650891041
iid,all_rpi5,fedstaleweight,170.0,3,0.5587666666666666,0.0012013880860627089
iid,all_rpi5,fedstaleweight,180.0,3,0.5635666666666667,0.0026839026311200865
iid,all_rpi5,fedstaleweight,190.0,3,0.5684666666666667,0.001026320287889372
iid,all_rpi5,fedstaleweight,200.0,3,0.5721666666666666,0.001184623709594455
iid,all_rpi5,fedstaleweight,210.0,3,0.5765666666666666,0.0017243356208503213
iid,all_rpi5,fedstaleweight,220.0,3,0.5802666666666667,0.0008082903768654465
iid,all_rpi5,fedstaleweight,230.0,3,0.5822666666666666,0.0011060440015358511
iid,all_rpi5,fedstaleweight,240.0,3,0.5872333333333334,0.0008082903768654512
iid,all_rpi5,fedstaleweight,250.0,3,0.5908666666666667,0.0019035055380359099
iid,all_rpi5,fedstaleweight,260.0,3,0.5944333333333334,0.0022030282189144535
iid,all_rpi5,fedstaleweight,270.0,3,0.6004,0.0004582575694955941
iid,all_rpi5,fedstaleweight,280.0,3,0.6027,0.003553871128783365
iid,mixed,fedavg,15.0,3,0.4017,0.00045825756949558806
iid,mixed,fedavg,30.0,3,0.44316666666666665,0.0017616280348964834
iid,mixed,fedavg,45.0,3,0.47563333333333335,0.0020305992547357374
iid,mixed,fedavg,60.0,3,0.4989333333333333,0.004244211744639218
iid,mixed,fedavg,75.0,3,0.5208333333333334,0.004974267115197306
iid,mixed,fedavg,90.0,3,0.5356333333333333,0.0006027713773341566
iid,mixed,fedavg,105.0,3,0.5489,0.0027184554438136155
iid,mixed,fedavg,120.0,3,0.5607333333333333,0.0019035055380359099
iid,mixed,fedavg,135.0,3,0.5714666666666667,0.0014294521094927832
iid,mixed,fedavg,150.0,3,0.5804333333333332,0.002107921567168341
iid,mixed,fedavg,165.0,3,0.5898666666666667,0.0007505553499465418
iid,mixed,fedavg,180.0,3,0.5982999999999999,0.0009539392014169686
iid,mixed,fedavg,195.0,3,0.6051333333333333,0.002285461295522902
iid,mixed,fedbuff,10.0,3,0.36863333333333337,0.020005332622411807
iid,mixed,fedbuff,20.0,3,0.39999999999999997,0.0044508426168535595
iid,mixed,fedbuff,30.0,3,0.41243333333333326,0.0029005746557076257
iid,mixed,fedbuff,40.0,3,0.42533333333333334,0.00220302821891444
iid,mixed,fedbuff,50.0,3,0.4362,0.0037509998667022175
iid,mixed,fedbuff,60.0,3,0.44870000000000004,0.004592385001282033
iid,mixed,fedbuff,70.0,3,0.4604,0.0046872166581031945
iid,mixed,fedbuff,80.0,3,0.4726333333333333,0.003696394639825852
iid,mixed,fedbuff,90.0,3,0.4830666666666667,0.004027819923151137
iid,mixed,fedbuff,100.0,3,0.48943333333333333,0.004878865988458108
iid,mixed,fedbuff,110.0,3,0.4968333333333333,0.00441172679722273
iid,mixed,fedbuff,120.0,3,0.5039333333333333,0.004974267115197306
iid,mixed,fedbuff,130.0,3,0.51,0.0037269290307168188
iid,mixed,fedbuff,140.0,3,0.5161333333333333,0.004174126655161934
iid,mixed,fedbuff,150.0,3,0.5214666666666666,0.0038527046776691202
iid,mixed,fedbuff,160.0,3,0.5260666666666667,0.003256275991578902
iid,mixed,fedbuff,170.0,3,0.5298333333333333,0.003924708057083172
iid,mixed,fedbuff,180.0,3,0.5328333333333334,0.005739628327107415
iid,mixed,fedbuff,190.0,3,0.5389,0.006400000000000017
iid,mixed,fedbuff,200.0,3,0.5427,0.004856953777832322
iid,mixed,fedbuff,210.0,3,0.547,0.00412431812546025
iid,mixed,fedbuff,220.0,3,0.5517333333333333,0.003957692930652078
iid,mixed,fedbuff,230.0,3,0.5544,0.004256759330758592
iid,mixed,fedbuff,240.0,3,0.5578333333333333,0.004215843134336632
iid,mixed,fedbuff,250.0,3,0.5602,0.005225897052181551
iid,mixed,fedbuff,260.0,3,0.5631333333333334,0.005201281893277191
iid,mixed,fedbuff,270.0,3,0.5668333333333333,0.005739628327107354
iid,mixed,fedbuff,280.0,3,0.57,0.005963220606350204
iid,mixed,fedbuff,290.0,3,0.5737666666666666,0.00575007246331149
iid,mixed,fedbuff,300.0,3,0.5773333333333334,0.0050143128475727645
iid,mixed,fedbuff,310.0,3,0.5803666666666666,0.0050143128475727645
iid,mixed,fedbuff,320.0,3,0.5844,0.00513906606301182
iid,mixed,fedbuff,330.0,3,0.5870666666666667,0.004355838993045218
iid,mixed,fedbuff,340.0,3,0.5900333333333333,0.0032254198693089904
iid,mixed,fedbuff,350.0,3,0.592,0.0031192947920964907
iid,mixed,fedbuff,360.0,3,0.5941666666666667,0.003801753981168838
iid,mixed,fedbuff,370.0,3,0.5962666666666667,0.004104063027456244
iid,mixed,fedbuff,380.0,3,0.5976,0.0032046840717923925
iid,mixed,fedbuff,390.0,3,0.6000333333333333,0.0009073771725877731
iid,mixed,fedbuff,400.0,3,0.6004333333333333,0.0002516611478423821
iid,mixed,fedstaleweight,10.0,3,0.3757333333333333,0.021802828562673536
iid,mixed,fedstaleweight,20.0,3,0.4063666666666667,0.006987369557518273
iid,mixed,fedstaleweight,30.0,3,0.41736666666666666,0.0013650396819628807
iid,mixed,fedstaleweight,40.0,3,0.42416666666666664,0.0023180451534285133
iid,mixed,fedstaleweight,50.0,3,0.4423333333333333,0.01493463535990531
iid,mixed,fedstaleweight,60.0,3,0.44916666666666666,0.015400108224727935
iid,mixed,fedstaleweight,70.0,3,0.4705,0.013018448448259862
iid,mixed,fedstaleweight,80.0,3,0.48856666666666665,0.008015193904911696
iid,mixed,fedstaleweight,90.0,3,0.5,0.006755738301621839
iid,mixed,fedstaleweight,100.0,3,0.5111333333333333,0.004244211744639218
iid,mixed,fedstaleweight,110.0,3,0.5207,0.005370288632839039
iid,mixed,fedstaleweight,120.0,3,0.5293666666666667,0.00535381483928357
iid,mixed,fedstaleweight,130.0,3,0.5340666666666667,0.003493326972004386
iid,mixed,fedstaleweight,140.0,3,0.5384333333333333,0.0024986663109213708
iid,mixed,fedstaleweight,150.0,3,0.5435333333333333,0.0024337899115028697
iid,mixed,fedstaleweight,160.0,3,0.5466333333333333,0.005216640042530581
iid,mixed,fedstaleweight,170.0,3,0.5509666666666666,0.004015387071420809
iid,mixed,fedstaleweight,180.0,3,0.5573,0.002128379665379261
iid,mixed,fedstaleweight,190.0,3,0.5621999999999999,0.0013228756555323175
iid,mixed,fedstaleweight,200.0,3,0.5698666666666666,0.0016041612554021157
iid,mixed,fedstaleweight,210.0,3,0.5752333333333334,0.0035472994422987916
iid,mixed,fedstaleweight,220.0,3,0.5811666666666667,0.004401514890731766
iid,mixed,fedstaleweight,230.0,3,0.5803666666666666,0.004050102879351724
iid,mixed,fedstaleweight,240.0,3,0.5846,0.0032186953878862
iid,mixed,fedstaleweight,250.0,3,0.5898,0.0026888659319497456
iid,mixed,fedstaleweight,260.0,3,0.5934,0.0010999999999999899
iid,mixed,fedstaleweight,270.0,3,0.5956666666666667,0.001965536398374051
iid,mixed,fedstaleweight,280.0,3,0.6015666666666667,0.0006027713773341566
noniid,all_rpi5,fedavg,15.0,3,0.28906666666666664,0.016839635783868177
noniid,all_rpi5,fedavg,30.0,3,0.3518333333333334,0.022655315785336864
noniid,all_rpi5,fedavg,45.0,3,0.38326666666666664,0.0268717943824623
noniid,all_rpi5,fedavg,60.0,3,0.40829999999999994,0.026448251359967093
noniid,all_rpi5,fedavg,75.0,3,0.43183333333333335,0.02725258397534687
noniid,all_rpi5,fedavg,90.0,3,0.45070000000000005,0.025374593592804588
noniid,all_rpi5,fedavg,105.0,3,0.4638,0.02407633693068776
noniid,all_rpi5,fedavg,120.0,3,0.47733333333333333,0.02244489548501691
noniid,all_rpi5,fedavg,135.0,3,0.49029999999999996,0.024538337351988602
noniid,all_rpi5,fedavg,150.0,3,0.5000666666666667,0.024554089951234856
noniid,all_rpi5,fedavg,165.0,3,0.5099666666666667,0.02318821539776901
noniid,all_rpi5,fedavg,180.0,3,0.5176666666666666,0.022793931941052524
noniid,all_rpi5,fedavg,195.0,3,0.5248333333333334,0.02379208551878822
noniid,all_rpi5,fedavg,210.0,3,0.5336666666666666,0.022287739529466284
noniid,all_rpi5,fedavg,225.0,3,0.5408333333333334,0.021017690961029338
noniid,all_rpi5,fedavg,240.0,3,0.5477333333333333,0.02050471490495135
noniid,all_rpi5,fedavg,255.0,3,0.5545,0.01975449315978523
noniid,all_rpi5,fedavg,270.0,3,0.5603666666666667,0.019619463125512167
noniid,all_rpi5,fedavg,285.0,3,0.5659,0.01897709145259093
noniid,all_rpi5,fedavg,300.0,3,0.5711666666666667,0.017696421483829255
noniid,all_rpi5,fedavg,315.0,3,0.5752,0.01749485638694988
noniid,all_rpi5,fedavg,330.0,3,0.5795333333333333,0.016700099800100985
noniid,all_rpi5,fedavg,345.0,3,0.5841333333333333,0.016536726802282627
noniid,all_rpi5,fedavg,360.0,3,0.5862666666666666,0.014686501739125387
noniid,all_rpi5,fedavg,375.0,3,0.5894333333333334,0.011960072463548563
noniid,all_rpi5,fedavg,390.0,3,0.5920666666666666,0.009650043177796318
noniid,all_rpi5,fedavg,405.0,3,0.5942333333333333,0.007792517778826882
noniid,all_rpi5,fedavg,420.0,3,0.5963333333333334,0.005960145412096319
noniid,all_rpi5,fedavg,435.0,3,0.5980333333333333,0.004521430452117251
noniid,all_rpi5,fedavg,450.0,3,0.6005333333333334,0.0023288051299611154
noniid,all_rpi5,fedavg,465.0,3,0.6023333333333333,0.0007505553499464949
noniid,all_rpi5,fedbuff,10.0,3,0.2504,0.01605864253291666
noniid,all_rpi5,fedbuff,20.0,3,0.28919999999999996,0.01371969387413582
noniid,all_rpi5,fedbuff,30.0,3,0.2968,0.01030582359639443
noniid,all_rpi5,fedbuff,40.0,3,0.31803333333333333,0.0017616280348965092
noniid,all_rpi5,fedbuff,50.0,3,0.32348333333333334,0.012999070479589432
noniid,all_rpi5,fedbuff,60.0,3,0.32503333333333334,0.020801282011773534
noniid,all_rpi5,fedbuff,70.0,3,0.33749999999999997,0.029601858049791395
noniid,all_rpi5,fedbuff,80.0,3,0.37385,0.012259995921695903
noniid,all_rpi5,fedbuff,90.0,3,0.3769,0.01542595215861894
noniid,all_rpi5,fedbuff,100.0,3,0.3813166666666667,0.007260567011834098
noniid,all_rpi5,fedbuff,110.0,3,0.38926666666666665,0.00922297854997688
noniid,all_rpi5,fedbuff,120.0,3,0.3997833333333333,0.002220547980416832
noniid,all_rpi5,fedbuff,130.0,3,0.41463333333333335,0.014307457263026615
noniid,all_rpi5,fedbuff,140.0,3,0.42755000000000004,0.011249111075991722
noniid,all_rpi5,fedbuff,150.0,3,0.4385666666666667,0.00882855216518165
noniid,all_rpi5,fedbuff,160.0,3,0.43515,0.00858035547049191
noniid,all_rpi5,fedbuff,170.0,3,0.444,0.019019726601610252
noniid,all_rpi5,fedbuff,180.0,3,0.4482333333333333,0.012073662796903573
noniid,all_rpi5,fedbuff,190.0,3,0.4530666666666667,0.009707900562600189
noniid,all_rpi5,fedbuff,200.0,3,0.44849999999999995,0.025202380839912726
noniid,all_rpi5,fedbuff,210.0,3,0.45015,0.01437610865290046
noniid,all_rpi5,fedbuff,220.0,3,0.458,0.003143246729100321
noniid,all_rpi5,fedbuff,230.0,3,0.46251333333333333,0.004962109766352754
noniid,all_rpi5,fedbuff,240.0,3,0.46769333333333335,0.006294293712032617
noniid,all_rpi5,fedbuff,250.0,3,0.4771733333333333,0.009489158726322004
noniid,all_rpi5,fedbuff,260.0,3,0.47842,0.007203693497088827
noniid,all_rpi5,fedbuff,270.0,3,0.4745333333333333,0.00130511813003012
noniid,all_rpi5,fedbuff,280.0,3,0.4769666666666666,0.004909514572066508
noniid,all_rpi5,fedbuff,290.0,3,0.4954,0.011177208953938391
noniid,all_rpi5,fedbuff,300.0,3,0.4895333333333333,0.010682852303263076
noniid,all_rpi5,fedbuff,310.0,3,0.49196666666666666,0.01255322003843371
noniid,all_rpi5,fedbuff,320.0,3,0.49321666666666664,0.009767079058415208
noniid,all_rpi5,fedbuff,330.0,3,0.49700000000000005,0.009974467404327872
noniid,all_rpi5,fedbuff,340.0,3,0.4969333333333333,0.009266246992894855
noniid,all_rpi5,fedbuff,350.0,3,0.4963666666666667,0.012955436439322801
noniid,all_rpi5,fedbuff,360.0,3,0.4993666666666667,0.021072335735113305
noniid,all_rpi5,fedbuff,370.0,3,0.49628333333333335,0.025945246835082047
noniid,all_rpi5,fedbuff,380.0,3,0.494,0.03844463551654507
noniid,all_rpi5,fedbuff,390.0,3,0.4987,0.025899999999999968
noniid,all_rpi5,fedbuff,400.0,3,0.5086333333333334,0.029050702802743536
noniid,all_rpi5,fedbuff,410.0,3,0.514,0.02347743597584708
noniid,all_rpi5,fedbuff,420.0,3,0.5148666666666667,0.020869674969518193
noniid,all_rpi5,fedbuff,430.0,3,0.5183666666666666,0.019257292990795285
noniid,all_rpi5,fedbuff,440.0,3,0.5151,0.014211614968046392
noniid,all_rpi5,fedbuff,450.0,3,0.52185,0.015910609667765762
noniid,all_rpi5,fedbuff,460.0,3,0.5218666666666666,0.016440600151251563
noniid,all_rpi5,fedbuff,470.0,3,0.5309,0.013788400922514519
noniid,all_rpi5,fedbuff,480.0,3,0.5333,0.013451022265984073
noniid,all_rpi5,fedbuff,490.0,3,0.5378,0.012179080425056712
noniid,all_rpi5,fedbuff,500.0,3,0.5408000000000001,0.018189007669468925
noniid,all_rpi5,fedbuff,510.0,3,0.5393333333333333,0.013108139964668265
noniid,all_rpi5,fedbuff,520.0,3,0.5418333333333334,0.017457472134685854
noniid,all_rpi5,fedbuff,530.0,3,0.5390333333333333,0.015860748195887016
noniid,all_rpi5,fedbuff,540.0,3,0.5368666666666666,0.021522391440853727
noniid,all_rpi5,fedbuff,550.0,3,0.5395333333333333,0.018957144651379695
noniid,all_rpi5,fedbuff,560.0,3,0.5393666666666667,0.01607492871938572
noniid,all_rpi5,fedbuff,570.0,3,0.5378333333333334,0.01853707995703024
noniid,all_rpi5,fedbuff,580.0,3,0.54105,0.02143181046948671
noniid,all_rpi5,fedbuff,590.0,3,0.5435,0.018565559512172
noniid,all_rpi5,fedbuff,600.0,3,0.5504444444444445,0.017110404025794543
noniid,all_rpi5,fedbuff,610.0,3,0.5544888888888889,0.013518149665186097
noniid,all_rpi5,fedbuff,620.0,3,0.5601333333333334,0.012313542680046802
noniid,all_rpi5,fedbuff,630.0,3,0.5610111111111111,0.014567899769826264
noniid,all_rpi5,fedbuff,640.0,3,0.5621555555555555,0.015628689194104744
noniid,all_rpi5,fedbuff,650.0,3,0.5618,0.019150718002205604
noniid,all_rpi5,fedbuff,660.0,3,0.5583833333333333,0.01950796845735954
noniid,all_rpi5,fedbuff,670.0,3,0.5573666666666667,0.01894316059514184
noniid,all_rpi5,fedbuff,680.0,3,0.5523166666666667,0.011386651541754195
noniid,all_rpi5,fedbuff,690.0,3,0.5524333333333333,0.01434724131438975
noniid,all_rpi5,fedbuff,700.0,3,0.5482666666666667,0.01855622087962239
noniid,all_rpi5,fedbuff,710.0,3,0.5658666666666666,0.012718621518597583
noniid,all_rpi5,fedbuff,720.0,3,0.5730333333333334,0.01607244017980261
noniid,all_rpi5,fedbuff,730.0,3,0.5737,0.01788071586933812
noniid,all_rpi5,fedbuff,740.0,3,0.5716666666666667,0.01797952539232705
noniid,all_rpi5,fedbuff,750.0,3,0.5726777777777777,0.006951365440075902
noniid,all_rpi5,fedbuff,760.0,3,0.5713555555555555,0.006936564418062144
noniid,all_rpi5,fedbuff,770.0,3,0.5738666666666666,0.0024704925284917112
noniid,all_rpi5,fedbuff,780.0,3,0.5749333333333334,0.004125934237640402
noniid,all_rpi5,fedbuff,790.0,3,0.5727333333333333,0.0048644972333564945
noniid,all_rpi5,fedbuff,800.0,3,0.5693,0.010595753866525988
noniid,all_rpi5,fedbuff,810.0,3,0.5663666666666667,0.014021531062381626
noniid,all_rpi5,fedbuff,820.0,3,0.5670666666666667,0.007508217720160601
noniid,all_rpi5,fedbuff,830.0,3,0.5669333333333333,0.006050068870131425
noniid,all_rpi5,fedbuff,840.0,3,0.5773,0.004582575694955905
noniid,all_rpi5,fedbuff,850.0,3,0.5815,0.0032924155266308873
noniid,all_rpi5,fedbuff,860.0,3,0.5845666666666666,0.0019655363983740897
noniid,all_rpi5,fedbuff,870.0,3,0.5853833333333333,0.005425019201194912
noniid,all_rpi5,fedbuff,880.0,3,0.5814666666666667,0.010416013312843527
noniid,all_rpi5,fedbuff,890.0,3,0.5823666666666667,0.01199763865655796
noniid,all_rpi5,fedbuff,900.0,3,0.5839166666666666,0.011659152341973
noniid,all_rpi5,fedbuff,910.0,3,0.5878333333333333,0.010127849393298326
noniid,all_rpi5,fedbuff,920.0,3,0.5870166666666666,0.012971732086862335
noniid,all_rpi5,fedbuff,930.0,3,0.5861666666666667,0.013139381010281033
noniid,all_rpi5,fedbuff,940.0,3,0.5866333333333333,0.02080488724634994
noniid,all_rpi5,fedbuff,950.0,3,0.5841,0.015869152466341765
noniid,all_rpi5,fedbuff,960.0,3,0.5850333333333334,0.013609677929081705
noniid,all_rpi5,fedbuff,970.0,3,0.5879666666666666,0.01281574552389888
noniid,all_rpi5,fedbuff,980.0,3,0.5929333333333333,0.010286560811725796
noniid,all_rpi5,fedbuff,990.0,3,0.5943666666666667,0.0074069786912974184
noniid,all_rpi5,fedbuff,1000.0,3,0.5926333333333333,0.009600173609541341
noniid,all_rpi5,fedstaleweight,10.0,3,0.2736,0.020687194106499808
noniid,all_rpi5,fedstaleweight,20.0,3,0.25953333333333334,0.009765415164412277
noniid,all_rpi5,fedstaleweight,30.0,3,0.2699333333333333,0.02924762098587393
noniid,all_rpi5,fedstaleweight,40.0,3,0.30183333333333334,0.010789501069712798
noniid,all_rpi5,fedstaleweight,50.0,3,0.3158666666666667,0.012724909953839895
noniid,all_rpi5,fedstaleweight,60.0,3,0.36260000000000003,0.01745021489839021
noniid,all_rpi5,fedstaleweight,70.0,3,0.4099,0.018537259775921574
noniid,all_rpi5,fedstaleweight,80.0,3,0.4176666666666667,0.010502539375471702
noniid,all_rpi5,fedstaleweight,90.0,3,0.42523333333333335,0.02503604068804276
noniid,all_rpi5,fedstaleweight,100.0,3,0.42586666666666667,0.019250021645009465
noniid,all_rpi5,fedstaleweight,110.0,3,0.42156666666666665,0.01848684216769681
noniid,all_rpi5,fedstaleweight,120.0,3,0.4036,0.014346776641462005
noniid,all_rpi5,fedstaleweight,130.0,3,0.41326666666666667,0.03544366421990443
noniid,all_rpi5,fedstaleweight,140.0,3,0.40680000000000005,0.0034828149534535937
noniid,all_rpi5,fedstaleweight,150.0,3,0.4584,0.016845474169639763
noniid,all_rpi5,fedstaleweight,160.0,3,0.4774333333333334,0.014242307865417496
noniid,all_rpi5,fedstaleweight,170.0,3,0.4895333333333333,0.01473578410989158
noniid,all_rpi5,fedstaleweight,180.0,3,0.48773333333333335,0.0075639495855891045
noniid,all_rpi5,fedstaleweight,190.0,3,0.4592333333333333,0.014380658306674756
noniid,all_rpi5,fedstaleweight,200.0,3,0.4779,0.011609048195265636
noniid,all_rpi5,fedstaleweight,210.0,3,0.4679,0.0174576630738481
noniid,all_rpi5,fedstaleweight,220.0,3,0.4767666666666666,0.015027419383691043
noniid,all_rpi5,fedstaleweight,230.0,3,0.48743333333333333,0.004206344414492639
noniid,all_rpi5,fedstaleweight,240.0,3,0.5011666666666666,0.01605750084332343
noniid,all_rpi5,fedstaleweight,250.0,3,0.5058333333333334,0.012259825991152303
noniid,all_rpi5,fedstaleweight,260.0,3,0.5024000000000001,0.013450278807519207
noniid,all_rpi5,fedstaleweight,270.0,3,0.5111,0.017015581094984668
noniid,all_rpi5,fedstaleweight,280.0,3,0.5045666666666667,0.009329701674401655
noniid,all_rpi5,fedstaleweight,290.0,3,0.5082,0.014182030884185827
noniid,all_rpi5,fedstaleweight,300.0,3,0.5156999999999999,0.011153026495081946
noniid,all_rpi5,fedstaleweight,310.0,3,0.5265,0.013952419145080178
noniid,all_rpi5,fedstaleweight,320.0,3,0.5246,0.013727344972717742
noniid,all_rpi5,fedstaleweight,330.0,3,0.5317666666666666,0.020384389452061943
noniid,all_rpi5,fedstaleweight,340.0,3,0.5311,0.023021946051539618
noniid,all_rpi5,fedstaleweight,350.0,3,0.5379666666666667,0.013052330570949145
noniid,all_rpi5,fedstaleweight,360.0,3,0.5237666666666666,0.01372455220884575
noniid,all_rpi5,fedstaleweight,370.0,3,0.5374,0.009279547402756272
noniid,all_rpi5,fedstaleweight,380.0,3,0.5315,0.010021975853094063
noniid,all_rpi5,fedstaleweight,390.0,3,0.5423333333333333,0.009009069504301368
noniid,all_rpi5,fedstaleweight,400.0,3,0.5413,0.007365459931328105
noniid,all_rpi5,fedstaleweight,410.0,3,0.5478666666666666,0.015028417525918481
noniid,all_rpi5,fedstaleweight,420.0,3,0.5435,0.017778920102188404
noniid,all_rpi5,fedstaleweight,430.0,3,0.5598333333333333,0.02655227548315462
noniid,all_rpi5,fedstaleweight,440.0,3,0.5654666666666667,0.024348374346829307
noniid,all_rpi5,fedstaleweight,450.0,3,0.5685333333333333,0.004113797920818826
noniid,all_rpi5,fedstaleweight,460.0,3,0.5652333333333334,0.011568203548232282
noniid,all_rpi5,fedstaleweight,470.0,3,0.5545,0.011107204868912795
noniid,all_rpi5,fedstaleweight,480.0,3,0.5529000000000001,0.0112334322448662
noniid,all_rpi5,fedstaleweight,490.0,3,0.5577,0.004603259714593538
noniid,all_rpi5,fedstaleweight,500.0,3,0.5555333333333333,0.00820386087969151
noniid,all_rpi5,fedstaleweight,510.0,3,0.5712,0.018355108280802914
noniid,all_rpi5,fedstaleweight,520.0,3,0.5769666666666667,0.007751343969488977
noniid,all_rpi5,fedstaleweight,530.0,3,0.5900333333333333,0.012825495442022227
noniid,all_rpi5,fedstaleweight,540.0,3,0.5883333333333334,0.011632855768612171
noniid,all_rpi5,fedstaleweight,550.0,3,0.5838666666666666,0.01785002334265517
noniid,all_rpi5,fedstaleweight,560.0,3,0.5801333333333333,0.019542347180759378
noniid,all_rpi5,fedstaleweight,570.0,3,0.5848,0.014740081410901384
noniid,all_rpi5,fedstaleweight,580.0,3,0.5768333333333334,0.022613565250383088
noniid,all_rpi5,fedstaleweight,590.0,3,0.5769333333333333,0.021664333207678785
noniid,all_rpi5,fedstaleweight,600.0,3,0.5926,0.007937883848986483
noniid,all_rpi5,fedstaleweight,610.0,3,0.5833333333333334,0.019834901898757477
noniid,all_rpi5,fedstaleweight,620.0,3,0.5851000000000001,0.01768502191121063
noniid,all_rpi5,fedstaleweight,630.0,3,0.5997666666666667,0.004061198509471512
noniid,all_rpi5,fedstaleweight,640.0,3,0.5988,0.005729746940310759
noniid,all_rpi5,fedstaleweight,650.0,3,0.5988666666666668,0.005614564393907443
noniid,all_rpi5,fedstaleweight,660.0,3,0.5965666666666667,0.009592358069491222
noniid,all_rpi5,fedstaleweight,670.0,3,0.5957,0.011092339699089668
noniid,all_rpi5,fedstaleweight,680.0,3,0.5996666666666667,0.004233595792388957
noniid,all_rpi5,fedstaleweight,690.0,3,0.5980666666666666,0.006997380462239694
noniid,all_rpi5,fedstaleweight,700.0,3,0.6043,0.0038314488121336016
noniid,mixed,fedavg,15.0,3,0.28906666666666664,0.016839635783868177
noniid,mixed,fedavg,30.0,3,0.35180000000000006,0.022979773715160894
noniid,mixed,fedavg,45.0,3,0.3833333333333333,0.026523637256857014
noniid,mixed,fedavg,60.0,3,0.40923333333333334,0.025781065403379533
noniid,mixed,fedavg,75.0,3,0.43093333333333333,0.026791851995211766
noniid,mixed,fedavg,90.0,3,0.45163333333333333,0.02474355134844902
noniid,mixed,fedavg,105.0,3,0.46323333333333333,0.024203374420384716
noniid,mixed,fedavg,120.0,3,0.47713333333333335,0.022983762384199295
noniid,mixed,fedavg,135.0,3,0.49056666666666665,0.02369247419188917
noniid,mixed,fedavg,150.0,3,0.49983333333333335,0.022852206312155805
noniid,mixed,fedavg,165.0,3,0.5092,0.0241006223986021
noniid,mixed,fedavg,180.0,3,0.5181333333333333,0.023595409157997956
noniid,mixed,fedavg,195.0,3,0.5256333333333333,0.022412124694756928
noniid,mixed,fedavg,210.0,3,0.5331666666666667,0.02255799932027072
noniid,mixed,fedavg,225.0,3,0.5414666666666667,0.021594983985484557
noniid,mixed,fedavg,240.0,3,0.5476333333333333,0.020169614109678245
noniid,mixed,fedavg,255.0,3,0.5542,0.018362189411941048
noniid,mixed,fedavg,270.0,3,0.5599333333333334,0.020447575243371353
noniid,mixed,fedavg,285.0,3,0.5661,0.018792817777012562
noniid,mixed,fedavg,300.0,3,0.5704333333333333,0.018244268506392217
noniid,mixed,fedavg,315.0,3,0.5749666666666666,0.017370185184198025
noniid,mixed,fedavg,330.0,3,0.5799,0.017500857121866883
noniid,mixed,fedavg,345.0,3,0.5825333333333332,0.015213261758522827
noniid,mixed,fedavg,360.0,3,0.5859666666666666,0.012240234202552387
noniid,mixed,fedavg,375.0,3,0.5880333333333333,0.010473458518241847
noniid,mixed,fedavg,390.0,3,0.5905333333333332,0.008310435207215873
noniid,mixed,fedavg,405.0,3,0.5938,0.005556077753235616
noniid,mixed,fedavg,420.0,3,0.5953666666666666,0.00409918691124634
noniid,mixed,fedavg,435.0,3,0.5968666666666667,0.00280059517483931
noniid,mixed,fedavg,450.0,3,0.5992999999999999,0.0006999999999999863
noniid,mixed,fedavg,465.0,3,0.6018,0.0015132745950421577
noniid,mixed,fedbuff,10.0,3,0.24043333333333336,0.009820556671255105
noniid,mixed,fedbuff,20.0,3,0.2513,0.008496469855181035
noniid,mixed,fedbuff,30.0,3,0.28750000000000003,0.0026907248094147304
noniid,mixed,fedbuff,40.0,3,0.2980333333333333,0.012198497175198816
noniid,mixed,fedbuff,50.0,3,0.31353333333333333,0.018393024039927035
noniid,mixed,fedbuff,60.0,3,0.33253333333333335,0.019961546366284694
noniid,mixed,fedbuff,70.0,3,0.361,0.012042840196564916
noniid,mixed,fedbuff,80.0,3,0.3754,0.021641857591251253
noniid,mixed,fedbuff,90.0,3,0.3807666666666667,0.01807051004629734
noniid,mixed,fedbuff,100.0,3,0.38493333333333335,0.008075477282076476
noniid,mixed,fedbuff,110.0,3,0.3929,0.009301612763386802
noniid,mixed,fedbuff,120.0,3,0.40526666666666666,0.011202380699357318
noniid,mixed,fedbuff,130.0,3,0.41653333333333337,0.012480918769599192
noniid,mixed,fedbuff,140.0,3,0.41900000000000004,0.011435471131527526
noniid,mixed,fedbuff,150.0,3,0.4236,0.013887764398923256
noniid,mixed,fedbuff,160.0,3,0.43459999999999993,0.010194606417120762
noniid,mixed,fedbuff,170.0,3,0.43393333333333334,0.008435836255720768
noniid,mixed,fedbuff,180.0,3,0.4361,0.008750428560933466
noniid,mixed,fedbuff,190.0,3,0.4474,0.014237977384446154
noniid,mixed,fedbuff,200.0,3,0.45553333333333335,0.015213261758522856
noniid,mixed,fedbuff,210.0,3,0.4618333333333333,0.011000606043911077
noniid,mixed,fedbuff,220.0,3,0.4591,0.01545024271654008
noniid,mixed,fedbuff,230.0,3,0.45616666666666666,0.02154839514519197
noniid,mixed,fedbuff,240.0,3,0.46316666666666667,0.01295080435082446
noniid,mixed,fedbuff,250.0,3,0.4693333333333333,0.010695949389060032
noniid,mixed,fedbuff,260.0,3,0.4672666666666667,0.004235957192103491
noniid,mixed,fedbuff,270.0,3,0.47336666666666666,0.010960079075140529
noniid,mixed,fedbuff,280.0,3,0.48323333333333335,0.014916545623345002
noniid,mixed,fedbuff,290.0,3,0.4828666666666666,0.01552750248215513
noniid,mixed,fedbuff,300.0,3,0.48246666666666665,0.016095444490082673
noniid,mixed,fedbuff,310.0,3,0.4865,0.020618195847357756
noniid,mixed,fedbuff,320.0,3,0.4967,0.009366429415737898
noniid,mixed,fedbuff,330.0,3,0.5029666666666667,0.011839059647342496
noniid,mixed,fedbuff,340.0,3,0.5024333333333334,0.014302913456122621
noniid,mixed,fedbuff,350.0,3,0.5055999999999999,0.01353994091567611
noniid,mixed,fedbuff,360.0,3,0.49643333333333334,0.025658591803396674
noniid,mixed,fedbuff,370.0,3,0.5005000000000001,0.01837471088207921
noniid,mixed,fedbuff,380.0,3,0.5052,0.009885342685005887
noniid,mixed,fedbuff,390.0,3,0.5126666666666666,0.008693867570496637
noniid,mixed,fedbuff,400.0,3,0.5149666666666667,0.0164269088185615
noniid,mixed,fedbuff,410.0,3,0.5246666666666666,0.01290632919668999
noniid,mixed,fedbuff,420.0,3,0.5252,0.01243503116200357
noniid,mixed,fedbuff,430.0,3,0.5210666666666667,0.02035493388182171
noniid,mixed,fedbuff,440.0,3,0.5235666666666666,0.013811710007574484
noniid,mixed,fedbuff,450.0,3,0.5221333333333333,0.0037898988552906103
noniid,mixed,fedbuff,460.0,3,0.5239666666666666,0.010195260336712038
noniid,mixed,fedbuff,470.0,3,0.5273,0.009057041459549569
noniid,mixed,fedbuff,480.0,3,0.5346666666666667,0.012055842290496898
noniid,mixed,fedbuff,490.0,3,0.5388666666666667,0.021091546489845965
noniid,mixed,fedbuff,500.0,3,0.5470666666666667,0.013478254090694914
noniid,mixed,fedbuff,510.0,3,0.5454666666666667,0.01012982395371872
noniid,mixed,fedbuff,520.0,3,0.5419,0.01403424383427906
noniid,mixed,fedbuff,530.0,3,0.5453333333333333,0.014436874084556312
noniid,mixed,fedbuff,540.0,3,0.5446666666666667,0.009347370396712296
noniid,mixed,fedbuff,550.0,3,0.5375,0.012258874336577583
noniid,mixed,fedbuff,560.0,3,0.5418666666666666,0.007387376620515143
noniid,mixed,fedbuff,570.0,3,0.5525000000000001,0.004044749683231311
noniid,mixed,fedbuff,580.0,3,0.5550666666666667,0.014199413133412752
noniid,mixed,fedbuff,590.0,3,0.5559333333333334,0.012265534368030328
noniid,mixed,fedbuff,600.0,3,0.5593,0.004794788837894697
noniid,mixed,fedbuff,610.0,3,0.5614,0.008428523002282211
noniid,mixed,fedbuff,620.0,3,0.5603666666666667,0.0053163270528941015
noniid,mixed,fedbuff,630.0,3,0.5629000000000001,0.011149887891813077
noniid,mixed,fedbuff,640.0,3,0.5587,0.016165085833363218
noniid,mixed,fedbuff,650.0,3,0.5643333333333334,0.005139390365922135
noniid,mixed,fedbuff,660.0,3,0.5640666666666667,0.004400378771575581
noniid,mixed,fedbuff,670.0,3,0.5673,0.01594615941222206
noniid,mixed,fedbuff,680.0,3,0.5719333333333333,0.012106334430096217
noniid,mixed,fedbuff,690.0,3,0.5722,0.011302654555457294
noniid,mixed,fedbuff,700.0,3,0.5685,0.008960468737739126
noniid,mixed,fedbuff,710.0,3,0.5692333333333334,0.008030774142841618
noniid,mixed,fedbuff,720.0,3,0.5716,0.005411099703387489
noniid,mixed,fedbuff,730.0,3,0.5724666666666667,0.00807485809988835
noniid,mixed,fedbuff,740.0,3,0.5779333333333333,0.0032532035493238304
noniid,mixed,fedbuff,750.0,3,0.5786666666666667,0.005976899976855372
noniid,mixed,fedbuff,760.0,3,0.5816333333333333,0.013644168473503004
noniid,mixed,fedbuff,770.0,3,0.5858,0.013088544609695918
noniid,mixed,fedbuff,780.0,3,0.5845333333333333,0.007813663246732213
noniid,mixed,fedbuff,790.0,3,0.5848666666666666,0.017827039387776453
noniid,mixed,fedbuff,800.0,3,0.5853333333333334,0.010620891362467293
noniid,mixed,fedbuff,810.0,3,0.5855666666666667,0.007200231477760496
noniid,mixed,fedbuff,820.0,3,0.5888,0.008154140052758465
noniid,mixed,fedbuff,830.0,3,0.5911333333333334,0.006568358496103369
noniid,mixed,fedbuff,840.0,3,0.5882666666666667,0.00939485674895223
noniid,mixed,fedbuff,850.0,3,0.5849666666666667,0.006214767359550406
noniid,mixed,fedbuff,860.0,3,0.5909,0.007893668348746352
noniid,mixed,fedbuff,870.0,3,0.5961666666666666,0.010299676370320228
noniid,mixed,fedbuff,880.0,3,0.5926333333333332,0.016346355353207442
noniid,mixed,fedbuff,890.0,3,0.5931666666666667,0.015429949233012167
noniid,mixed,fedbuff,900.0,3,0.5975,0.008046738469715516
noniid,mixed,fedbuff,910.0,3,0.5984666666666666,0.006438426308760002
noniid,mixed,fedbuff,920.0,3,0.5974333333333334,0.008158635506831565
noniid,mixed,fedbuff,930.0,3,0.5973,0.008382720322186588
noniid,mixed,fedbuff,940.0,3,0.5983999999999999,0.006548282217497978
noniid,mixed,fedbuff,950.0,3,0.5998,0.0043034869582699725
noniid,mixed,fedbuff,960.0,3,0.5993666666666666,0.004980294502670845
noniid,mixed,fedbuff,970.0,3,0.5976333333333333,0.007823255929172542
noniid,mixed,fedbuff,980.0,3,0.5973,0.008382720322186588
noniid,mixed,fedbuff,990.0,3,0.5955666666666667,0.011320924579438427
noniid,mixed,fedbuff,1000.0,3,0.5992666666666667,0.005139390365922135
noniid,mixed,fedbuff,1010.0,3,0.6015,0.002179449471770326
noniid,mixed,fedstaleweight,10.0,3,0.2794666666666667,0.01027878073184427
noniid,mixed,fedstaleweight,20.0,3,0.25876666666666664,0.03502603793370488
noniid,mixed,fedstaleweight,30.0,3,0.2829333333333333,0.017828441696719686
noniid,mixed,fedstaleweight,40.0,3,0.269,0.022340098477849197
noniid,mixed,fedstaleweight,50.0,3,0.2941,0.008007496487667048
noniid,mixed,fedstaleweight,60.0,3,0.35013333333333335,0.04025572423063998
noniid,mixed,fedstaleweight,70.0,3,0.36369999999999997,0.029941943824675108
noniid,mixed,fedstaleweight,80.0,3,0.3887333333333333,0.038363698118577344
noniid,mixed,fedstaleweight,90.0,3,0.40763333333333335,0.03520118369221884
noniid,mixed,fedstaleweight,100.0,3,0.43283333333333335,0.008778572397225723
noniid,mixed,fedstaleweight,110.0,3,0.4367666666666667,0.02425496512744005
noniid,mixed,fedstaleweight,120.0,3,0.40240000000000004,0.03313713928509825
noniid,mixed,fedstaleweight,130.0,3,0.4359333333333333,0.028050371358207236
noniid,mixed,fedstaleweight,140.0,3,0.42346666666666666,0.016525838354931766
noniid,mixed,fedstaleweight,150.0,3,0.40443333333333337,0.0243569976255969
noniid,mixed,fedstaleweight,160.0,3,0.4494666666666667,0.014201877810111346
noniid,mixed,fedstaleweight,170.0,3,0.4702,0.023416020157148835
noniid,mixed,fedstaleweight,180.0,3,0.44353333333333333,0.028583445092104164
noniid,mixed,fedstaleweight,190.0,3,0.4594666666666667,0.01596068085431613
noniid,mixed,fedstaleweight,200.0,3,0.47866666666666663,0.019367584602457088
noniid,mixed,fedstaleweight,210.0,3,0.46713333333333334,0.007786098723579953
noniid,mixed,fedstaleweight,220.0,3,0.4888666666666667,0.020689208136932983
noniid,mixed,fedstaleweight,230.0,3,0.49563333333333337,0.005057996968497844
noniid,mixed,fedstaleweight,240.0,3,0.4781,0.013323287882501077
noniid,mixed,fedstaleweight,250.0,3,0.4935666666666667,0.015270996474799342
noniid,mixed,fedstaleweight,260.0,3,0.5135333333333333,0.022053193268398434
noniid,mixed,fedstaleweight,270.0,3,0.5108333333333334,0.018669315288283413
noniid,mixed,fedstaleweight,280.0,3,0.5123666666666667,0.028377162179001165
noniid,mixed,fedstaleweight,290.0,3,0.5088,0.01231746727213028
noniid,mixed,fedstaleweight,300.0,3,0.4981333333333333,0.014819019310782099
noniid,mixed,fedstaleweight,310.0,3,0.5056999999999999,0.028704703447344628
noniid,mixed,fedstaleweight,320.0,3,0.5292666666666667,0.015524926194134786
noniid,mixed,fedstaleweight,330.0,3,0.5119666666666667,0.016857144874898995
noniid,mixed,fedstaleweight,340.0,3,0.5141,0.009026627277117413
noniid,mixed,fedstaleweight,350.0,3,0.5223,0.02590984368922363
noniid,mixed,fedstaleweight,360.0,3,0.5287666666666667,0.023346377306411654
noniid,mixed,fedstaleweight,370.0,3,0.5349333333333334,0.013984396066092175
noniid,mixed,fedstaleweight,380.0,3,0.5295,0.018074291134094287
noniid,mixed,fedstaleweight,390.0,3,0.5386666666666667,0.027015797847432386
noniid,mixed,fedstaleweight,400.0,3,0.5414666666666667,0.006115826463637868
noniid,mixed,fedstaleweight,410.0,3,0.5467666666666666,0.011922387903995264
noniid,mixed,fedstaleweight,420.0,3,0.5327333333333333,0.023252168357667916
noniid,mixed,fedstaleweight,430.0,3,0.5336,0.014722771478223774
noniid,mixed,fedstaleweight,440.0,3,0.561,0.019606886545293217
noniid,mixed,fedstaleweight,450.0,3,0.5574666666666667,0.022694786479130737
noniid,mixed,fedstaleweight,460.0,3,0.5469333333333334,0.024739711666333847
noniid,mixed,fedstaleweight,470.0,3,0.5633,0.01329210291865055
noniid,mixed,fedstaleweight,480.0,3,0.5685333333333333,0.009620984010657805
noniid,mixed,fedstaleweight,490.0,3,0.5607666666666667,0.019153676757566244
noniid,mixed,fedstaleweight,500.0,3,0.5728666666666666,0.006450839738618032
noniid,mixed,fedstaleweight,510.0,3,0.5680999999999999,0.017816004041310736
noniid,mixed,fedstaleweight,520.0,3,0.5658,0.015447653543499765
noniid,mixed,fedstaleweight,530.0,3,0.5767,0.0029866369046135806
noniid,mixed,fedstaleweight,540.0,3,0.5676,0.030812172919156493
noniid,mixed,fedstaleweight,550.0,3,0.5646,0.01939355563067276
noniid,mixed,fedstaleweight,560.0,3,0.5899,0.009417005893594836
noniid,mixed,fedstaleweight,570.0,3,0.5769666666666667,0.029055177392907697
noniid,mixed,fedstaleweight,580.0,3,0.5817666666666667,0.02072687466390759
noniid,mixed,fedstaleweight,590.0,3,0.5849666666666667,0.02055245321934425
noniid,mixed,fedstaleweight,600.0,3,0.5919333333333333,0.012357319018837928
noniid,mixed,fedstaleweight,610.0,3,0.5771000000000001,0.0281607883412379
noniid,mixed,fedstaleweight,620.0,3,0.5887666666666667,0.016563312873134218
noniid,mixed,fedstaleweight,630.0,3,0.5784333333333334,0.023627173621348252
noniid,mixed,fedstaleweight,640.0,3,0.5840333333333333,0.020027065020450024
noniid,mixed,fedstaleweight,650.0,3,0.5927333333333333,0.013421003439882354
noniid,mixed,fedstaleweight,660.0,3,0.5944666666666667,0.01668062748619887
noniid,mixed,fedstaleweight,670.0,3,0.6045,0.0018248287590894566
