run_id,seed,source,server_step,client_trips_total,node_id,device_type,staleness
u2awvlob,1337,network_main,1,1,11607394136474989718,rpi5,0
u2awvlob,1337,network_main,2,2,15439651552993784664,rpi5,1
u2awvlob,1337,network_main,3,3,8891719579463104067,rpi5,2
u2awvlob,1337,network_main,4,4,6112231474357601882,rpi5,3
u2awvlob,1337,network_main,5,5,12816508956676887436,rpi5,4
u2awvlob,1337,network_main,6,6,15921130119528930642,rpi5,5
u2awvlob,1337,network_main,7,7,15001245936710154293,rpi5,6
u2awvlob,1337,network_main,8,8,8590650825039225370,rpi5,7
u2awvlob,1337,network_main,9,9,8207643442973133991,rpi5,8
u2awvlob,1337,network_main,10,10,4214547550354760372,rpi5,9
u2awvlob,1337,network_main,11,11,11607394136474989718,rpi5,9
u2awvlob,1337,network_main,12,12,12816508956676887436,rpi5,6
u2awvlob,1337,network_main,13,13,164509846111561167,rpi4,12
u2awvlob,1337,network_main,14,14,15439651552993784664,rpi5,11
u2awvlob,1337,network_main,15,15,15921130119528930642,rpi5,8
u2awvlob,1337,network_main,16,16,6112231474357601882,rpi5,11
u2awvlob,1337,network_main,17,17,8891719579463104067,rpi5,13
u2awvlob,1337,network_main,18,18,8207643442973133991,rpi5,8
u2awvlob,1337,network_main,19,19,15001245936710154293,rpi5,11
u2awvlob,1337,network_main,20,20,8590650825039225370,rpi5,11
u2awvlob,1337,network_main,21,21,15439651552993784664,rpi5,6
u2awvlob,1337,network_main,22,22,15921130119528930642,rpi5,6
u2awvlob,1337,network_main,23,23,8891719579463104067,rpi5,5
u2awvlob,1337,network_main,24,24,8207643442973133991,rpi5,5
u2awvlob,1337,network_main,25,25,17983675319955909201,rpi4,24
u2awvlob,1337,network_main,26,26,11607394136474989718,rpi5,14
u2awvlob,1337,network_main,27,27,4214547550354760372,rpi5,16
u2awvlob,1337,network_main,28,28,12816508956676887436,rpi5,15
u2awvlob,1337,network_main,29,29,6112231474357601882,rpi5,12
u2awvlob,1337,network_main,30,30,15001245936710154293,rpi5,10
u2awvlob,1337,network_main,31,31,15439651552993784664,rpi5,9
u2awvlob,1337,network_main,32,32,8590650825039225370,rpi5,11
u2awvlob,1337,network_main,33,33,12816508956676887436,rpi5,4
u2awvlob,1337,network_main,34,34,15921130119528930642,rpi5,11
u2awvlob,1337,network_main,35,35,8207643442973133991,rpi5,10
u2awvlob,1337,network_main,36,36,11607394136474989718,rpi5,9
u2awvlob,1337,network_main,37,37,4214547550354760372,rpi5,9
u2awvlob,1337,network_main,38,38,5680975054487755936,rpi4,37
u2awvlob,1337,network_main,39,39,6112231474357601882,rpi5,9
u2awvlob,1337,network_main,40,40,8891719579463104067,rpi5,16
u2awvlob,1337,network_main,41,41,15921130119528930642,rpi5,6
u2awvlob,1337,network_main,42,42,8590650825039225370,rpi5,9
u2awvlob,1337,network_main,43,43,15001245936710154293,rpi5,12
u2awvlob,1337,network_main,44,44,4998706684233461772,rpi4,43
u2awvlob,1337,network_main,45,45,8207643442973133991,rpi5,9
u2awvlob,1337,network_main,46,46,4214547550354760372,rpi5,8
u2awvlob,1337,network_main,47,47,6112231474357601882,rpi5,7
u2awvlob,1337,network_main,48,48,7802510188056893496,rpi4,47
u2awvlob,1337,network_main,49,49,12816508956676887436,rpi5,15
u2awvlob,1337,network_main,50,50,11607394136474989718,rpi5,13
u2awvlob,1337,network_main,51,51,15439651552993784664,rpi5,19
u2awvlob,1337,network_main,52,52,164509846111561167,rpi4,38
u2awvlob,1337,network_main,53,53,4214547550354760372,rpi5,6
u2awvlob,1337,network_main,54,54,15921130119528930642,rpi5,12
u2awvlob,1337,network_main,55,55,6112231474357601882,rpi5,7
u2awvlob,1337,network_main,56,56,12816508956676887436,rpi5,6
u2awvlob,1337,network_main,57,57,8207643442973133991,rpi5,11
u2awvlob,1337,network_main,58,58,15001245936710154293,rpi5,14
u2awvlob,1337,network_main,59,59,8590650825039225370,rpi5,16
u2awvlob,1337,network_main,60,60,8891719579463104067,rpi5,19
u2awvlob,1337,network_main,61,61,17983675319955909201,rpi4,35
u2awvlob,1337,network_main,62,62,8590650825039225370,rpi5,2
u2awvlob,1337,network_main,63,63,4214547550354760372,rpi5,9
u2awvlob,1337,network_main,64,64,11607394136474989718,rpi5,13
u2awvlob,1337,network_main,65,65,6112231474357601882,rpi5,9
u2awvlob,1337,network_main,66,66,12816508956676887436,rpi5,9
u2awvlob,1337,network_main,67,67,8207643442973133991,rpi5,9
u2awvlob,1337,network_main,68,68,15439651552993784664,rpi5,16
u2awvlob,1337,network_main,69,69,15921130119528930642,rpi5,14
u2awvlob,1337,network_main,70,70,15001245936710154293,rpi5,11
u2awvlob,1337,network_main,71,71,11607394136474989718,rpi5,6
u2awvlob,1337,network_main,72,72,6112231474357601882,rpi5,6
u2awvlob,1337,network_main,73,73,8891719579463104067,rpi5,12
u2awvlob,1337,network_main,74,74,8207643442973133991,rpi5,6
u2awvlob,1337,network_main,75,75,12816508956676887436,rpi5,8
u2awvlob,1337,network_main,76,76,4214547550354760372,rpi5,12
u2awvlob,1337,network_main,77,77,15439651552993784664,rpi5,8
u2awvlob,1337,network_main,78,78,8590650825039225370,rpi5,15
u2awvlob,1337,network_main,79,79,15921130119528930642,rpi5,9
u2awvlob,1337,network_main,80,80,164509846111561167,rpi4,27
u2awvlob,1337,network_main,81,81,12816508956676887436,rpi5,5
u2awvlob,1337,network_main,82,82,11607394136474989718,rpi5,10
u2awvlob,1337,network_main,83,83,8891719579463104067,rpi5,9
u2awvlob,1337,network_main,84,84,5680975054487755936,rpi4,45
u2awvlob,1337,network_main,85,85,8207643442973133991,rpi5,10
u2awvlob,1337,network_main,86,86,15001245936710154293,rpi5,15
u2awvlob,1337,network_main,87,87,6112231474357601882,rpi5,14
u2awvlob,1337,network_main,88,88,8590650825039225370,rpi5,9
u2awvlob,1337,network_main,89,89,15439651552993784664,rpi5,11
u2awvlob,1337,network_main,90,90,15921130119528930642,rpi5,10
u2awvlob,1337,network_main,91,91,4214547550354760372,rpi5,14
u2awvlob,1337,network_main,92,92,7802510188056893496,rpi4,43
u2awvlob,1337,network_main,93,93,4998706684233461772,rpi4,48
u2awvlob,1337,network_main,94,94,6112231474357601882,rpi5,6
u2awvlob,1337,network_main,95,95,8207643442973133991,rpi5,9
u2awvlob,1337,network_main,96,96,15001245936710154293,rpi5,9
u2awvlob,1337,network_main,97,97,12816508956676887436,rpi5,15
u2awvlob,1337,network_main,98,98,11607394136474989718,rpi5,15
u2awvlob,1337,network_main,99,99,17983675319955909201,rpi4,37
u2awvlob,1337,network_main,100,100,8891719579463104067,rpi5,16
