method,seed,wall_clock_s,accuracy
fedavg,1337,176.159932528,0.0952
fedavg,1337,378.537464476,0.1689
fedavg,1337,378.53807829,0.1689
fedavg,1337,539.214049392,0.1771
fedavg,1337,539.214406614,0.1771
fedavg,1337,699.771469914,0.229
fedavg,1337,699.771769247,0.229
fedavg,1337,861.541870462,0.1786
fedavg,1337,861.542198739,0.1786
fedavg,1337,1020.989527695,0.2147
fedavg,1337,1020.99013425,0.2147
fedavg,1337,1180.523740008,0.2075
fedavg,1337,1180.524314155,0.2075
fedavg,1337,1340.069386636,0.1746
fedavg,1337,1340.069879043,0.1746
fedavg,1337,1499.656315706,0.1998
fedavg,1337,1499.656591483,0.1998
fedavg,1337,1659.117677697,0.2644
fedavg,1337,1659.118028233,0.2644
fedavg,1337,1818.556128836,0.2517
fedavg,1337,1818.556552909,0.2517
fedavg,1337,1978.048317307,0.2776
fedavg,1337,1978.048633454,0.2776
fedavg,1337,2140.503654172,0.266
fedavg,1337,2140.50387832,0.266
fedavg,1337,2299.95501721,0.1929
fedavg,1337,2299.955569931,0.1929
fedavg,1337,2459.482024909,0.2048
fedavg,1337,2459.482545038,0.2048
fedavg,1337,2619.039189755,0.2077
fedavg,1337,2619.039557902,0.2077
fedavg,1337,2781.591688775,0.2057
fedavg,1337,2781.591959941,0.2057
fedavg,1337,2940.36598795,0.21
fedavg,1337,2940.366340042,0.21
fedavg,1337,3101.072157184,0.2475
fedavg,1337,3101.072744406,0.2475
fedavg,1337,3260.511904568,0.2657
fedavg,1337,3260.51222029,0.2657
fedavg,1337,3418.163486896,0.2754
fedavg,1337,3418.163775118,0.2754
fedavg,1337,3578.915530056,0.283
fedavg,1337,3578.915807259,0.283
fedavg,1337,3739.598346405,0.2747
fedavg,1337,3739.599023089,0.2747
fedavg,1337,3899.146040296,0.284
fedavg,1337,3899.146450703,0.284
fedavg,1337,4058.63675552,0.2758
fedavg,1337,4058.637007964,0.2758
fedavg,1337,4219.256235533,0.2582
fedavg,1337,4219.256508273,0.2582
fedavg,1337,4379.71695528,0.2771
fedavg,1337,4379.717548223,0.2771
fedavg,1337,4539.22993184,0.2957
fedavg,1337,4539.230232895,0.2957
fedavg,1337,4700.936478923,0.3062
fedavg,1337,4700.936691645,0.3062
fedavg,1337,4860.47257553,0.3035
fedavg,1337,4860.472921789,0.3035
fedavg,1337,5023.199169649,0.3086
fedavg,1337,5023.199756222,0.3086
fedavg,1337,5182.708759452,0.3032
fedavg,1337,5182.709345599,0.3032
fedavg,1337,5343.353854038,0.3012
fedavg,1337,5343.354441185,0.3012
fedavg,1337,5503.11177845,0.3165
fedavg,1337,5503.112380319,0.3165
fedavg,1337,5663.528609629,0.3152
fedavg,1337,5663.528935221,0.3152
fedavg,1337,5823.130592168,0.332
fedavg,1337,5823.130874112,0.332
fedavg,1337,5982.733445314,0.325
fedavg,1337,5982.734047702,0.325
fedavg,1337,6142.272117148,0.3099
fedavg,1337,6142.272421851,0.3099
fedavg,1337,6301.733405116,0.3411
fedavg,1337,6301.73402467,0.3411
fedavg,1337,6464.312705003,0.3297
fedavg,1337,6464.312932336,0.3297
fedavg,1337,6621.650033081,0.3256
fedavg,1337,6621.650352247,0.3256
fedavg,1337,6782.312535681,0.3235
fedavg,1337,6782.312889384,0.3235
fedavg,1337,6942.875307895,0.3462
fedavg,1337,6942.87562682,0.3462
fedavg,1337,7102.364043002,0.3537
fedavg,1337,7102.364597705,0.3537
fedavg,1337,7264.907852049,0.3915
fedavg,1337,7264.90809203,0.3915
fedavg,1337,7422.507203247,0.3891
fedavg,1337,7422.507584394,0.3891
fedavg,1337,7585.018697136,0.4121
fedavg,1337,7585.019225523,0.4121
fedavg,1337,7744.544875759,0.397
fedavg,1337,7744.545127685,0.397
fedavg,1337,7906.443113137,0.4012
fedavg,1337,7906.443796025,0.4012
fedavg,1337,8066.974389138,0.4021
fedavg,1337,8066.974923952,0.4021
fedavg,1337,8225.516778069,0.4045
fedavg,1337,8225.51736316,0.4045
fedbuff,1337,66.812668329,0.1001
fedbuff,1337,148.523267437,0.2706
fedbuff,1337,184.364418029,0.2982
fedbuff,1337,236.853510229,0.3212
fedbuff,1337,258.834187331,0.3351
fedbuff,1337,281.544997083,0.3406
fedbuff,1337,281.545287694,0.3406
fedbuff,1337,346.337333783,0.3531
fedbuff,1337,370.454517714,0.351
fedbuff,1337,370.454926861,0.351
fedbuff,1337,395.281265979,0.3557
fedbuff,1337,442.722598412,0.3628
fedbuff,1337,479.901809817,0.3651
fedbuff,1337,501.669815165,0.3669
fedbuff,1337,526.34346912,0.3684
fedbuff,1337,558.582646841,0.3697
fedbuff,1337,580.34330095,0.3709
fedbuff,1337,604.252736739,0.3704
fedbuff,1337,628.252600711,0.3703
fedbuff,1337,653.23204827,0.3701
fedbuff,1337,746.295659885,0.3732
fedbuff,1337,746.295891792,0.3732
fedbuff,1337,770.945677764,0.3747
fedbuff,1337,770.945910505,0.3747
fedbuff,1337,794.687700075,0.3755
fedbuff,1337,817.54104734,0.3748
fedbuff,1337,842.491403089,0.3752
fedbuff,1337,866.385346985,0.3754
fedbuff,1337,866.386075891,0.3754
fedbuff,1337,889.220594997,0.3759
fedbuff,1337,889.221188607,0.3759
fedbuff,1337,913.266981275,0.3776
fedbuff,1337,913.267259867,0.3776
fedbuff,1337,961.232825094,0.3806
fedbuff,1337,961.233498481,0.3806
fedbuff,1337,984.278717787,0.3805
fedbuff,1337,1056.188736609,0.3842
fedbuff,1337,1080.054537926,0.3848
fedbuff,1337,1103.113182101,0.3846
fedbuff,1337,1103.113461471,0.3846
fedbuff,1337,1128.128933191,0.3852
fedbuff,1337,1152.241674145,0.3866
fedbuff,1337,1175.941213505,0.3853
fedbuff,1337,1175.941423949,0.3853
fedbuff,1337,1223.186951886,0.3857
fedbuff,1337,1248.188561681,0.387
fedbuff,1337,1343.062098936,0.3877
fedbuff,1337,1365.785416157,0.3876
fedbuff,1337,1450.129667544,0.3898
fedbuff,1337,1577.577433875,0.39
fedbuff,1337,1622.310840393,0.3909
fedbuff,1337,1622.311427281,0.3909
fedbuff,1337,1661.295517766,0.3909
fedbuff,1337,1708.326485392,0.3928
fedbuff,1337,1732.057982225,0.3933
fedbuff,1337,1755.113481023,0.3941
fedbuff,1337,1864.340474398,0.395
fedbuff,1337,1886.152619439,0.3953
fedbuff,1337,1933.900080812,0.3958
fedbuff,1337,1958.904756426,0.3967
fedbuff,1337,1983.803271804,0.3971
fedbuff,1337,1983.803533748,0.3971
fedbuff,1337,2054.228495289,0.3986
fedbuff,1337,2078.313035972,0.3992
fedbuff,1337,2125.051823169,0.3992
fedbuff,1337,2161.305306855,0.3996
fedbuff,1337,2183.263302076,0.4003
fedbuff,1337,2206.89741644,0.4
fedbuff,1337,2230.83974628,0.4009
fedbuff,1337,2255.764539076,0.4016
fedbuff,1337,2255.765096112,0.4016
fedbuff,1337,2278.532065399,0.4022
fedbuff,1337,2278.532498342,0.4022
fedbuff,1337,2302.482886183,0.4025
fedbuff,1337,2326.372147968,0.4026
fedbuff,1337,2374.068892312,0.4029
fedbuff,1337,2396.863927654,0.4028
fedbuff,1337,2396.864626264,0.4028
fedbuff,1337,2421.893261088,0.4026
fedbuff,1337,2421.893519143,0.4026
fedbuff,1337,2453.086526239,0.4026
fedbuff,1337,2499.698329342,0.4048
fedbuff,1337,2523.705079648,0.4046
fedbuff,1337,2571.807923669,0.4052
fedbuff,1337,2609.040830554,0.4047
fedbuff,1337,2609.041071238,0.4047
fedbuff,1337,2630.771409138,0.4058
fedbuff,1337,2655.72068073,0.4053
fedbuff,1337,2678.765764778,0.4059
fedbuff,1337,2726.730775729,0.4067
fedbuff,1337,2726.731025692,0.4067
fedbuff,1337,2760.704000324,0.4072
fedbuff,1337,2782.647226612,0.4079
fedbuff,1337,2782.647476648,0.4079
fedbuff,1337,2806.240808403,0.4084
fedbuff,1337,2830.958292894,0.4085
fedbuff,1337,2854.773271653,0.4086
fedbuff,1337,2932.312717141,0.4098
fedbuff,1337,2956.373343323,0.4095
fedbuff,1337,3062.647747519,0.4107
fedbuff,1337,3122.571848079,0.4113
fedbuff,1337,3150.359365807,0.4116
fedbuff,1337,3241.203562459,0.411
fedbuff,1337,3263.144340044,0.4111
fedbuff,1337,3263.144700895,0.4111
fedbuff,1337,3287.114027814,0.4131
fedbuff,1337,3287.114388258,0.4131
fedbuff,1337,3480.599911856,0.4124
fedbuff,1337,3502.490555771,0.412
fedbuff,1337,3564.878439295,0.4124
fedbuff,1337,3658.036157443,0.4141
fedbuff,1337,3682.812201989,0.4142
fedbuff,1337,3739.656091524,0.4142
fedbuff,1337,3763.359380536,0.4143
fedbuff,1337,3763.35961398,0.4143
fedbuff,1337,3848.95208266,0.4149
fedbuff,1337,3872.012282229,0.4147
fedbuff,1337,66.812668329,0.1001
fedbuff,1337,148.523267437,0.2706
fedbuff,1337,184.364418029,0.2982
fedbuff,1337,236.853510229,0.3212
fedbuff,1337,258.834187331,0.3351
fedbuff,1337,281.544997083,0.3406
fedbuff,1337,281.545287694,0.3406
fedbuff,1337,346.337333783,0.3531
fedbuff,1337,370.454517714,0.351
fedbuff,1337,370.454926861,0.351
fedbuff,1337,395.281265979,0.3557
fedbuff,1337,442.722598412,0.3628
fedbuff,1337,479.901809817,0.3651
fedbuff,1337,501.669815165,0.3669
fedbuff,1337,526.34346912,0.3684
fedbuff,1337,558.582646841,0.3697
fedbuff,1337,580.34330095,0.3709
fedbuff,1337,604.252736739,0.3704
fedbuff,1337,628.252600711,0.3703
fedbuff,1337,653.23204827,0.3701
fedbuff,1337,746.295659885,0.3732
fedbuff,1337,746.295891792,0.3732
fedbuff,1337,770.945677764,0.3747
fedbuff,1337,770.945910505,0.3747
fedbuff,1337,794.687700075,0.3755
fedbuff,1337,817.54104734,0.3748
fedbuff,1337,842.491403089,0.3752
fedbuff,1337,866.385346985,0.3754
fedbuff,1337,866.386075891,0.3754
fedbuff,1337,889.220594997,0.3759
fedbuff,1337,889.221188607,0.3759
fedbuff,1337,913.266981275,0.3776
fedbuff,1337,913.267259867,0.3776
fedbuff,1337,961.232825094,0.3806
fedbuff,1337,961.233498481,0.3806
fedbuff,1337,984.278717787,0.3805
fedbuff,1337,1056.188736609,0.3842
fedbuff,1337,1080.054537926,0.3848
fedbuff,1337,1103.113182101,0.3846
fedbuff,1337,1103.113461471,0.3846
fedbuff,1337,1128.128933191,0.3852
fedbuff,1337,1152.241674145,0.3866
fedbuff,1337,1175.941213505,0.3853
fedbuff,1337,1175.941423949,0.3853
fedbuff,1337,1223.186951886,0.3857
fedbuff,1337,1248.188561681,0.387
fedbuff,1337,1343.062098936,0.3877
fedbuff,1337,1365.785416157,0.3876
fedbuff,1337,1450.129667544,0.3898
fedbuff,1337,1577.577433875,0.39
fedbuff,1337,1622.310840393,0.3909
fedbuff,1337,1622.311427281,0.3909
fedbuff,1337,1661.295517766,0.3909
fedbuff,1337,1708.326485392,0.3928
fedbuff,1337,1732.057982225,0.3933
fedbuff,1337,1755.113481023,0.3941
fedbuff,1337,1864.340474398,0.395
fedbuff,1337,1886.152619439,0.3953
fedbuff,1337,1933.900080812,0.3958
fedbuff,1337,1958.904756426,0.3967
fedbuff,1337,1983.803271804,0.3971
fedbuff,1337,1983.803533748,0.3971
fedbuff,1337,2054.228495289,0.3986
fedbuff,1337,2078.313035972,0.3992
fedbuff,1337,2125.051823169,0.3992
fedbuff,1337,2161.305306855,0.3996
fedbuff,1337,2183.263302076,0.4003
fedbuff,1337,2206.89741644,0.4
fedbuff,1337,2230.83974628,0.4009
fedbuff,1337,2255.764539076,0.4016
fedbuff,1337,2255.765096112,0.4016
fedbuff,1337,2278.532065399,0.4022
fedbuff,1337,2278.532498342,0.4022
fedbuff,1337,2302.482886183,0.4025
fedbuff,1337,2326.372147968,0.4026
fedbuff,1337,2374.068892312,0.4029
fedbuff,1337,2396.863927654,0.4028
fedbuff,1337,2396.864626264,0.4028
fedbuff,1337,2421.893261088,0.4026
fedbuff,1337,2421.893519143,0.4026
fedbuff,1337,2453.086526239,0.4026
fedbuff,1337,2499.698329342,0.4048
fedbuff,1337,2523.705079648,0.4046
fedbuff,1337,2571.807923669,0.4052
fedbuff,1337,2609.040830554,0.4047
fedbuff,1337,2609.041071238,0.4047
fedbuff,1337,2630.771409138,0.4058
fedbuff,1337,2655.72068073,0.4053
fedbuff,1337,2678.765764778,0.4059
fedbuff,1337,2726.730775729,0.4067
fedbuff,1337,2726.731025692,0.4067
fedbuff,1337,2760.704000324,0.4072
fedbuff,1337,2782.647226612,0.4079
fedbuff,1337,2782.647476648,0.4079
fedbuff,1337,2806.240808403,0.4084
fedbuff,1337,2830.958292894,0.4085
fedbuff,1337,2854.773271653,0.4086
fedbuff,1337,2932.312717141,0.4098
fedbuff,1337,2956.373343323,0.4095
fedbuff,1337,3062.647747519,0.4107
fedbuff,1337,3122.571848079,0.4113
fedbuff,1337,3150.359365807,0.4116
fedbuff,1337,3241.203562459,0.411
fedbuff,1337,3263.144340044,0.4111
fedbuff,1337,3263.144700895,0.4111
fedbuff,1337,3287.114027814,0.4131
fedbuff,1337,3287.114388258,0.4131
fedbuff,1337,3480.599911856,0.4124
fedbuff,1337,3502.490555771,0.412
fedbuff,1337,3564.878439295,0.4124
fedbuff,1337,3658.036157443,0.4141
fedbuff,1337,3682.812201989,0.4142
fedbuff,1337,3739.656091524,0.4142
fedbuff,1337,3763.359380536,0.4143
fedbuff,1337,3763.35961398,0.4143
fedbuff,1337,3848.95208266,0.4149
fedbuff,1337,3872.012282229,0.4147
fedbuff,1337,66.812668329,0.1001
fedbuff,1337,148.523267437,0.2706
fedbuff,1337,184.364418029,0.2982
fedbuff,1337,236.853510229,0.3212
fedbuff,1337,258.834187331,0.3351
fedbuff,1337,281.544997083,0.3406
fedbuff,1337,281.545287694,0.3406
fedbuff,1337,346.337333783,0.3531
fedbuff,1337,370.454517714,0.351
fedbuff,1337,370.454926861,0.351
fedbuff,1337,395.281265979,0.3557
fedbuff,1337,442.722598412,0.3628
fedbuff,1337,479.901809817,0.3651
fedbuff,1337,501.669815165,0.3669
fedbuff,1337,526.34346912,0.3684
fedbuff,1337,558.582646841,0.3697
fedbuff,1337,580.34330095,0.3709
fedbuff,1337,604.252736739,0.3704
fedbuff,1337,628.252600711,0.3703
fedbuff,1337,653.23204827,0.3701
fedbuff,1337,746.295659885,0.3732
fedbuff,1337,746.295891792,0.3732
fedbuff,1337,770.945677764,0.3747
fedbuff,1337,770.945910505,0.3747
fedbuff,1337,794.687700075,0.3755
fedbuff,1337,817.54104734,0.3748
fedbuff,1337,842.491403089,0.3752
fedbuff,1337,866.385346985,0.3754
fedbuff,1337,866.386075891,0.3754
fedbuff,1337,889.220594997,0.3759
fedbuff,1337,889.221188607,0.3759
fedbuff,1337,913.266981275,0.3776
fedbuff,1337,913.267259867,0.3776
fedbuff,1337,961.232825094,0.3806
fedbuff,1337,961.233498481,0.3806
fedbuff,1337,984.278717787,0.3805
fedbuff,1337,1056.188736609,0.3842
fedbuff,1337,1080.054537926,0.3848
fedbuff,1337,1103.113182101,0.3846
fedbuff,1337,1103.113461471,0.3846
fedbuff,1337,1128.128933191,0.3852
fedbuff,1337,1152.241674145,0.3866
fedbuff,1337,1175.941213505,0.3853
fedbuff,1337,1175.941423949,0.3853
fedbuff,1337,1223.186951886,0.3857
fedbuff,1337,1248.188561681,0.387
fedbuff,1337,1343.062098936,0.3877
fedbuff,1337,1365.785416157,0.3876
fedbuff,1337,1450.129667544,0.3898
fedbuff,1337,1577.577433875,0.39
fedbuff,1337,1622.310840393,0.3909
fedbuff,1337,1622.311427281,0.3909
fedbuff,1337,1661.295517766,0.3909
fedbuff,1337,1708.326485392,0.3928
fedbuff,1337,1732.057982225,0.3933
fedbuff,1337,1755.113481023,0.3941
fedbuff,1337,1864.340474398,0.395
fedbuff,1337,1886.152619439,0.3953
fedbuff,1337,1933.900080812,0.3958
fedbuff,1337,1958.904756426,0.3967
fedbuff,1337,1983.803271804,0.3971
fedbuff,1337,1983.803533748,0.3971
fedbuff,1337,2054.228495289,0.3986
fedbuff,1337,2078.313035972,0.3992
fedbuff,1337,2125.051823169,0.3992
fedbuff,1337,2161.305306855,0.3996
fedbuff,1337,2183.263302076,0.4003
fedbuff,1337,2206.89741644,0.4
fedbuff,1337,2230.83974628,0.4009
fedbuff,1337,2255.764539076,0.4016
fedbuff,1337,2255.765096112,0.4016
fedbuff,1337,2278.532065399,0.4022
fedbuff,1337,2278.532498342,0.4022
fedbuff,1337,2302.482886183,0.4025
fedbuff,1337,2326.372147968,0.4026
fedbuff,1337,2374.068892312,0.4029
fedbuff,1337,2396.863927654,0.4028
fedbuff,1337,2396.864626264,0.4028
fedbuff,1337,2421.893261088,0.4026
fedbuff,1337,2421.893519143,0.4026
fedbuff,1337,2453.086526239,0.4026
fedbuff,1337,2499.698329342,0.4048
fedbuff,1337,2523.705079648,0.4046
fedbuff,1337,2571.807923669,0.4052
fedbuff,1337,2609.040830554,0.4047
fedbuff,1337,2609.041071238,0.4047
fedbuff,1337,2630.771409138,0.4058
fedbuff,1337,2655.72068073,0.4053
fedbuff,1337,2678.765764778,0.4059
fedbuff,1337,2726.730775729,0.4067
fedbuff,1337,2726.731025692,0.4067
fedbuff,1337,2760.704000324,0.4072
fedbuff,1337,2782.647226612,0.4079
fedbuff,1337,2782.647476648,0.4079
fedbuff,1337,2806.240808403,0.4084
fedbuff,1337,2830.958292894,0.4085
fedbuff,1337,2854.773271653,0.4086
fedbuff,1337,2932.312717141,0.4098
fedbuff,1337,2956.373343323,0.4095
fedbuff,1337,3062.647747519,0.4107
fedbuff,1337,3122.571848079,0.4113
fedbuff,1337,3150.359365807,0.4116
fedbuff,1337,3241.203562459,0.411
fedbuff,1337,3263.144340044,0.4111
fedbuff,1337,3263.144700895,0.4111
fedbuff,1337,3287.114027814,0.4131
fedbuff,1337,3287.114388258,0.4131
fedbuff,1337,3480.599911856,0.4124
fedbuff,1337,3502.490555771,0.412
fedbuff,1337,3564.878439295,0.4124
fedbuff,1337,3658.036157443,0.4141
fedbuff,1337,3682.812201989,0.4142
fedbuff,1337,3739.656091524,0.4142
fedbuff,1337,3763.359380536,0.4143
fedbuff,1337,3763.35961398,0.4143
fedbuff,1337,3848.95208266,0.4149
fedbuff,1337,3872.012282229,0.4147
fedstaleweight,1337,66.357378831,0.1102
fedstaleweight,1337,180.937028574,0.1403
fedstaleweight,1337,215.726427454,0.2122
fedstaleweight,1337,261.659086245,0.2854
fedstaleweight,1337,285.417940989,0.2869
fedstaleweight,1337,310.123147514,0.2879
fedstaleweight,1337,310.123677939,0.2879
fedstaleweight,1337,367.591808912,0.3269
fedstaleweight,1337,389.124510958,0.3406
fedstaleweight,1337,389.125033994,0.3406
fedstaleweight,1337,412.711889068,0.3447
fedstaleweight,1337,466.987501542,0.3641
fedstaleweight,1337,491.841691649,0.3687
fedstaleweight,1337,515.464629557,0.3721
fedstaleweight,1337,540.097350659,0.3768
fedstaleweight,1337,563.51992282,0.3766
fedstaleweight,1337,598.531143634,0.3774
fedstaleweight,1337,620.37864394,0.3791
fedstaleweight,1337,642.981223906,0.3777
fedstaleweight,1337,667.640765992,0.3797
fedstaleweight,1337,773.028591521,0.3793
fedstaleweight,1337,773.028950316,0.3793
fedstaleweight,1337,797.349303741,0.3825
fedstaleweight,1337,797.349588073,0.3825
fedstaleweight,1337,835.049045787,0.3836
fedstaleweight,1337,856.554580001,0.3854
fedstaleweight,1337,880.458101772,0.3848
fedstaleweight,1337,904.126766373,0.3867
fedstaleweight,1337,904.127245852,0.3867
fedstaleweight,1337,927.816749749,0.3864
fedstaleweight,1337,927.817231117,0.3864
fedstaleweight,1337,952.621890049,0.3865
fedstaleweight,1337,952.622170474,0.3865
fedstaleweight,1337,1009.033858779,0.3885
fedstaleweight,1337,1009.034202778,0.3885
fedstaleweight,1337,1033.680552293,0.3893
fedstaleweight,1337,1109.09619064,0.3917
fedstaleweight,1337,1139.792878488,0.3917
fedstaleweight,1337,1161.280975941,0.3924
fedstaleweight,1337,1161.281240551,0.3924
fedstaleweight,1337,1185.883229996,0.3923
fedstaleweight,1337,1211.877496088,0.3933
fedstaleweight,1337,1234.399957413,0.3934
fedstaleweight,1337,1234.400180227,0.3934
fedstaleweight,1337,1282.429185798,0.3941
fedstaleweight,1337,1311.234459917,0.3952
fedstaleweight,1337,1417.738855554,0.3992
fedstaleweight,1337,1442.366159131,0.3975
fedstaleweight,1337,1523.904335537,0.3998
fedstaleweight,1337,1635.911544109,0.403
fedstaleweight,1337,1698.463870393,0.4044
fedstaleweight,1337,1698.464100725,0.4044
fedstaleweight,1337,1723.031913919,0.4035
fedstaleweight,1337,1779.692890923,0.4048
fedstaleweight,1337,1801.379422708,0.4056
fedstaleweight,1337,1826.063481131,0.4058
fedstaleweight,1337,1939.605325589,0.409
fedstaleweight,1337,1964.123455752,0.4076
fedstaleweight,1337,2012.244565132,0.408
fedstaleweight,1337,2034.7917428,0.4103
fedstaleweight,1337,2070.615576096,0.4074
fedstaleweight,1337,2070.616273261,0.4074
fedstaleweight,1337,2140.966177204,0.4121
fedstaleweight,1337,2164.783676001,0.412
fedstaleweight,1337,2224.952696067,0.4119
fedstaleweight,1337,2246.535309984,0.4108
fedstaleweight,1337,2270.219674524,0.4164
fedstaleweight,1337,2294.87954688,0.4158
fedstaleweight,1337,2318.599744838,0.4146
fedstaleweight,1337,2342.237132609,0.4164
fedstaleweight,1337,2342.237628644,0.4164
fedstaleweight,1337,2377.089967727,0.4152
fedstaleweight,1337,2377.090637559,0.4152
fedstaleweight,1337,2398.491644436,0.4199
fedstaleweight,1337,2423.04098187,0.4187
fedstaleweight,1337,2471.39960416,0.418
fedstaleweight,1337,2495.017798716,0.4172
fedstaleweight,1337,2495.018488233,0.4172
fedstaleweight,1337,2519.857154081,0.4207
fedstaleweight,1337,2519.857745858,0.4207
fedstaleweight,1337,2543.682421722,0.4219
fedstaleweight,1337,2590.28710774,0.4236
fedstaleweight,1337,2614.129164979,0.4222
fedstaleweight,1337,2668.812834391,0.4268
fedstaleweight,1337,2690.606755749,0.4231
fedstaleweight,1337,2690.607292229,0.4231
fedstaleweight,1337,2715.428797686,0.4242
fedstaleweight,1337,2738.454757274,0.4254
fedstaleweight,1337,2762.388935859,0.4282
fedstaleweight,1337,2811.633743563,0.4301
fedstaleweight,1337,2811.634361709,0.4301
fedstaleweight,1337,2834.562003838,0.426
fedstaleweight,1337,2858.5204742,0.4273
fedstaleweight,1337,2858.520829088,0.4273
fedstaleweight,1337,2881.762794783,0.4324
fedstaleweight,1337,2905.61931747,0.4298
fedstaleweight,1337,2929.421804536,0.4317
fedstaleweight,1337,3010.187934672,0.4321
fedstaleweight,1337,3033.890980761,0.4321
fedstaleweight,1337,3137.213838807,0.4338
fedstaleweight,1337,3185.563588955,0.436
fedstaleweight,1337,3210.403838082,0.432
fedstaleweight,1337,3283.370149722,0.4366
fedstaleweight,1337,3305.347835085,0.4405
fedstaleweight,1337,3305.348264398,0.4405
fedstaleweight,1337,3330.460153627,0.4409
fedstaleweight,1337,3330.46044509,0.4409
fedstaleweight,1337,3507.860848212,0.4428
fedstaleweight,1337,3531.855952374,0.4421
fedstaleweight,1337,3578.715409341,0.4402
fedstaleweight,1337,3675.051478841,0.4465
fedstaleweight,1337,3709.637085986,0.4429
fedstaleweight,1337,3754.991065983,0.4465
fedstaleweight,1337,3778.830762203,0.4477
fedstaleweight,1337,3778.831239868,0.4477
fedstaleweight,1337,3863.547832965,0.4444
fedstaleweight,1337,3885.094382444,0.4478
fedstaleweight,1337,66.357378831,0.1102
fedstaleweight,1337,180.937028574,0.1403
fedstaleweight,1337,215.726427454,0.2122
fedstaleweight,1337,261.659086245,0.2854
fedstaleweight,1337,285.417940989,0.2869
fedstaleweight,1337,310.123147514,0.2879
fedstaleweight,1337,310.123677939,0.2879
fedstaleweight,1337,367.591808912,0.3269
fedstaleweight,1337,389.124510958,0.3406
fedstaleweight,1337,389.125033994,0.3406
fedstaleweight,1337,412.711889068,0.3447
fedstaleweight,1337,466.987501542,0.3641
fedstaleweight,1337,491.841691649,0.3687
fedstaleweight,1337,515.464629557,0.3721
fedstaleweight,1337,540.097350659,0.3768
fedstaleweight,1337,563.51992282,0.3766
fedstaleweight,1337,598.531143634,0.3774
fedstaleweight,1337,620.37864394,0.3791
fedstaleweight,1337,642.981223906,0.3777
fedstaleweight,1337,667.640765992,0.3797
fedstaleweight,1337,773.028591521,0.3793
fedstaleweight,1337,773.028950316,0.3793
fedstaleweight,1337,797.349303741,0.3825
fedstaleweight,1337,797.349588073,0.3825
fedstaleweight,1337,835.049045787,0.3836
fedstaleweight,1337,856.554580001,0.3854
fedstaleweight,1337,880.458101772,0.3848
fedstaleweight,1337,904.126766373,0.3867
fedstaleweight,1337,904.127245852,0.3867
fedstaleweight,1337,927.816749749,0.3864
fedstaleweight,1337,927.817231117,0.3864
fedstaleweight,1337,952.621890049,0.3865
fedstaleweight,1337,952.622170474,0.3865
fedstaleweight,1337,1009.033858779,0.3885
fedstaleweight,1337,1009.034202778,0.3885
fedstaleweight,1337,1033.680552293,0.3893
fedstaleweight,1337,1109.09619064,0.3917
fedstaleweight,1337,1139.792878488,0.3917
fedstaleweight,1337,1161.280975941,0.3924
fedstaleweight,1337,1161.281240551,0.3924
fedstaleweight,1337,1185.883229996,0.3923
fedstaleweight,1337,1211.877496088,0.3933
fedstaleweight,1337,1234.399957413,0.3934
fedstaleweight,1337,1234.400180227,0.3934
fedstaleweight,1337,1282.429185798,0.3941
fedstaleweight,1337,1311.234459917,0.3952
fedstaleweight,1337,1417.738855554,0.3992
fedstaleweight,1337,1442.366159131,0.3975
fedstaleweight,1337,1523.904335537,0.3998
fedstaleweight,1337,1635.911544109,0.403
fedstaleweight,1337,1698.463870393,0.4044
fedstaleweight,1337,1698.464100725,0.4044
fedstaleweight,1337,1723.031913919,0.4035
fedstaleweight,1337,1779.692890923,0.4048
fedstaleweight,1337,1801.379422708,0.4056
fedstaleweight,1337,1826.063481131,0.4058
fedstaleweight,1337,1939.605325589,0.409
fedstaleweight,1337,1964.123455752,0.4076
fedstaleweight,1337,2012.244565132,0.408
fedstaleweight,1337,2034.7917428,0.4103
fedstaleweight,1337,2070.615576096,0.4074
fedstaleweight,1337,2070.616273261,0.4074
fedstaleweight,1337,2140.966177204,0.4121
fedstaleweight,1337,2164.783676001,0.412
fedstaleweight,1337,2224.952696067,0.4119
fedstaleweight,1337,2246.535309984,0.4108
fedstaleweight,1337,2270.219674524,0.4164
fedstaleweight,1337,2294.87954688,0.4158
fedstaleweight,1337,2318.599744838,0.4146
fedstaleweight,1337,2342.237132609,0.4164
fedstaleweight,1337,2342.237628644,0.4164
fedstaleweight,1337,2377.089967727,0.4152
fedstaleweight,1337,2377.090637559,0.4152
fedstaleweight,1337,2398.491644436,0.4199
fedstaleweight,1337,2423.04098187,0.4187
fedstaleweight,1337,2471.39960416,0.418
fedstaleweight,1337,2495.017798716,0.4172
fedstaleweight,1337,2495.018488233,0.4172
fedstaleweight,1337,2519.857154081,0.4207
fedstaleweight,1337,2519.857745858,0.4207
fedstaleweight,1337,2543.682421722,0.4219
fedstaleweight,1337,2590.28710774,0.4236
fedstaleweight,1337,2614.129164979,0.4222
fedstaleweight,1337,2668.812834391,0.4268
fedstaleweight,1337,2690.606755749,0.4231
fedstaleweight,1337,2690.607292229,0.4231
fedstaleweight,1337,2715.428797686,0.4242
fedstaleweight,1337,2738.454757274,0.4254
fedstaleweight,1337,2762.388935859,0.4282
fedstaleweight,1337,2811.633743563,0.4301
fedstaleweight,1337,2811.634361709,0.4301
fedstaleweight,1337,2834.562003838,0.426
fedstaleweight,1337,2858.5204742,0.4273
fedstaleweight,1337,2858.520829088,0.4273
fedstaleweight,1337,2881.762794783,0.4324
fedstaleweight,1337,2905.61931747,0.4298
fedstaleweight,1337,2929.421804536,0.4317
fedstaleweight,1337,3010.187934672,0.4321
fedstaleweight,1337,3033.890980761,0.4321
fedstaleweight,1337,3137.213838807,0.4338
fedstaleweight,1337,3185.563588955,0.436
fedstaleweight,1337,3210.403838082,0.432
fedstaleweight,1337,3283.370149722,0.4366
fedstaleweight,1337,3305.347835085,0.4405
fedstaleweight,1337,3305.348264398,0.4405
fedstaleweight,1337,3330.460153627,0.4409
fedstaleweight,1337,3330.46044509,0.4409
fedstaleweight,1337,3507.860848212,0.4428
fedstaleweight,1337,3531.855952374,0.4421
fedstaleweight,1337,3578.715409341,0.4402
fedstaleweight,1337,3675.051478841,0.4465
fedstaleweight,1337,3709.637085986,0.4429
fedstaleweight,1337,3754.991065983,0.4465
fedstaleweight,1337,3778.830762203,0.4477
fedstaleweight,1337,3778.831239868,0.4477
fedstaleweight,1337,3863.547832965,0.4444
fedstaleweight,1337,3885.094382444,0.4478
fedstaleweight,1337,66.357378831,0.1102
fedstaleweight,1337,180.937028574,0.1403
fedstaleweight,1337,215.726427454,0.2122
fedstaleweight,1337,261.659086245,0.2854
fedstaleweight,1337,285.417940989,0.2869
fedstaleweight,1337,310.123147514,0.2879
fedstaleweight,1337,310.123677939,0.2879
fedstaleweight,1337,367.591808912,0.3269
fedstaleweight,1337,389.124510958,0.3406
fedstaleweight,1337,389.125033994,0.3406
fedstaleweight,1337,412.711889068,0.3447
fedstaleweight,1337,466.987501542,0.3641
fedstaleweight,1337,491.841691649,0.3687
fedstaleweight,1337,515.464629557,0.3721
fedstaleweight,1337,540.097350659,0.3768
fedstaleweight,1337,563.51992282,0.3766
fedstaleweight,1337,598.531143634,0.3774
fedstaleweight,1337,620.37864394,0.3791
fedstaleweight,1337,642.981223906,0.3777
fedstaleweight,1337,667.640765992,0.3797
fedstaleweight,1337,773.028591521,0.3793
fedstaleweight,1337,773.028950316,0.3793
fedstaleweight,1337,797.349303741,0.3825
fedstaleweight,1337,797.349588073,0.3825
fedstaleweight,1337,835.049045787,0.3836
fedstaleweight,1337,856.554580001,0.3854
fedstaleweight,1337,880.458101772,0.3848
fedstaleweight,1337,904.126766373,0.3867
fedstaleweight,1337,904.127245852,0.3867
fedstaleweight,1337,927.816749749,0.3864
fedstaleweight,1337,927.817231117,0.3864
fedstaleweight,1337,952.621890049,0.3865
fedstaleweight,1337,952.622170474,0.3865
fedstaleweight,1337,1009.033858779,0.3885
fedstaleweight,1337,1009.034202778,0.3885
fedstaleweight,1337,1033.680552293,0.3893
fedstaleweight,1337,1109.09619064,0.3917
fedstaleweight,1337,1139.792878488,0.3917
fedstaleweight,1337,1161.280975941,0.3924
fedstaleweight,1337,1161.281240551,0.3924
fedstaleweight,1337,1185.883229996,0.3923
fedstaleweight,1337,1211.877496088,0.3933
fedstaleweight,1337,1234.399957413,0.3934
fedstaleweight,1337,1234.400180227,0.3934
fedstaleweight,1337,1282.429185798,0.3941
fedstaleweight,1337,1311.234459917,0.3952
fedstaleweight,1337,1417.738855554,0.3992
fedstaleweight,1337,1442.366159131,0.3975
fedstaleweight,1337,1523.904335537,0.3998
fedstaleweight,1337,1635.911544109,0.403
fedstaleweight,1337,1698.463870393,0.4044
fedstaleweight,1337,1698.464100725,0.4044
fedstaleweight,1337,1723.031913919,0.4035
fedstaleweight,1337,1779.692890923,0.4048
fedstaleweight,1337,1801.379422708,0.4056
fedstaleweight,1337,1826.063481131,0.4058
fedstaleweight,1337,1939.605325589,0.409
fedstaleweight,1337,1964.123455752,0.4076
fedstaleweight,1337,2012.244565132,0.408
fedstaleweight,1337,2034.7917428,0.4103
fedstaleweight,1337,2070.615576096,0.4074
fedstaleweight,1337,2070.616273261,0.4074
fedstaleweight,1337,2140.966177204,0.4121
fedstaleweight,1337,2164.783676001,0.412
fedstaleweight,1337,2224.952696067,0.4119
fedstaleweight,1337,2246.535309984,0.4108
fedstaleweight,1337,2270.219674524,0.4164
fedstaleweight,1337,2294.87954688,0.4158
fedstaleweight,1337,2318.599744838,0.4146
fedstaleweight,1337,2342.237132609,0.4164
fedstaleweight,1337,2342.237628644,0.4164
fedstaleweight,1337,2377.089967727,0.4152
fedstaleweight,1337,2377.090637559,0.4152
fedstaleweight,1337,2398.491644436,0.4199
fedstaleweight,1337,2423.04098187,0.4187
fedstaleweight,1337,2471.39960416,0.418
fedstaleweight,1337,2495.017798716,0.4172
fedstaleweight,1337,2495.018488233,0.4172
fedstaleweight,1337,2519.857154081,0.4207
fedstaleweight,1337,2519.857745858,0.4207
fedstaleweight,1337,2543.682421722,0.4219
fedstaleweight,1337,2590.28710774,0.4236
fedstaleweight,1337,2614.129164979,0.4222
fedstaleweight,1337,2668.812834391,0.4268
fedstaleweight,1337,2690.606755749,0.4231
fedstaleweight,1337,2690.607292229,0.4231
fedstaleweight,1337,2715.428797686,0.4242
fedstaleweight,1337,2738.454757274,0.4254
fedstaleweight,1337,2762.388935859,0.4282
fedstaleweight,1337,2811.633743563,0.4301
fedstaleweight,1337,2811.634361709,0.4301
fedstaleweight,1337,2834.562003838,0.426
fedstaleweight,1337,2858.5204742,0.4273
fedstaleweight,1337,2858.520829088,0.4273
fedstaleweight,1337,2881.762794783,0.4324
fedstaleweight,1337,2905.61931747,0.4298
fedstaleweight,1337,2929.421804536,0.4317
fedstaleweight,1337,3010.187934672,0.4321
fedstaleweight,1337,3033.890980761,0.4321
fedstaleweight,1337,3137.213838807,0.4338
fedstaleweight,1337,3185.563588955,0.436
fedstaleweight,1337,3210.403838082,0.432
fedstaleweight,1337,3283.370149722,0.4366
fedstaleweight,1337,3305.347835085,0.4405
fedstaleweight,1337,3305.348264398,0.4405
fedstaleweight,1337,3330.460153627,0.4409
fedstaleweight,1337,3330.46044509,0.4409
fedstaleweight,1337,3507.860848212,0.4428
fedstaleweight,1337,3531.855952374,0.4421
fedstaleweight,1337,3578.715409341,0.4402
fedstaleweight,1337,3675.051478841,0.4465
fedstaleweight,1337,3709.637085986,0.4429
fedstaleweight,1337,3754.991065983,0.4465
fedstaleweight,1337,3778.830762203,0.4477
fedstaleweight,1337,3778.831239868,0.4477
fedstaleweight,1337,3863.547832965,0.4444
fedstaleweight,1337,3885.094382444,0.4478
fedavg,1338,160.170841888,0.0994
fedavg,1338,389.283895067,0.1603
fedavg,1338,389.284543473,0.1603
fedavg,1338,569.367801972,0.2332
fedavg,1338,569.368041119,0.2332
fedavg,1338,747.333217484,0.2149
fedavg,1338,747.333838242,0.2149
fedavg,1338,927.614408161,0.2071
fedavg,1338,927.614781438,0.2071
fedavg,1338,1108.053985218,0.2451
fedavg,1338,1108.054217662,0.2451
fedavg,1338,1288.338413034,0.188
fedavg,1338,1288.338707256,0.188
fedavg,1338,1468.584058689,0.2244
fedavg,1338,1468.584542244,0.2244
fedavg,1338,1650.07173945,0.2263
fedavg,1338,1650.072084616,0.2263
fedavg,1338,1830.272262649,0.1892
fedavg,1338,1830.272531815,0.1892
fedavg,1338,2008.510052061,0.2617
fedavg,1338,2008.510400856,0.2617
fedavg,1338,2188.719810872,0.2705
fedavg,1338,2188.720053353,0.2705
fedavg,1338,2368.911761372,0.2857
fedavg,1338,2368.912339056,0.2857
fedavg,1338,2548.053171306,0.3115
fedavg,1338,2548.053480287,0.3115
fedavg,1338,2726.295825415,0.3239
fedavg,1338,2726.296547304,0.3239
fedavg,1338,2906.420412109,0.3126
fedavg,1338,2906.42107772,0.3126
fedavg,1338,3084.346842764,0.3336
fedavg,1338,3084.347125837,0.3336
fedavg,1338,3263.622032888,0.3606
fedavg,1338,3263.622696368,0.3606
fedavg,1338,3446.764931037,0.3348
fedavg,1338,3446.76526,0.3348
fedavg,1338,3625.8004364,0.327
fedavg,1338,3625.800751288,0.327
fedavg,1338,3803.941977943,0.3405
fedavg,1338,3803.942241368,0.3405
fedavg,1338,3983.436454528,0.3541
fedavg,1338,3983.436763712,0.3541
fedavg,1338,4163.628326545,0.3248
fedavg,1338,4163.628623359,0.3248
fedavg,1338,4347.029297574,0.3818
fedavg,1338,4347.029537721,0.3818
fedavg,1338,4528.192084221,0.3646
fedavg,1338,4528.192348924,0.3646
fedavg,1338,4708.467765667,0.3988
fedavg,1338,4708.468035407,0.3988
fedavg,1338,4889.56687846,0.3872
fedavg,1338,4889.567181349,0.3872
fedavg,1338,5072.933006343,0.3861
fedavg,1338,5072.933319954,0.3861
fedavg,1338,5254.387990861,0.3943
fedavg,1338,5254.388260953,0.3943
fedavg,1338,5433.658198807,0.4051
fedavg,1338,5433.65862888,0.4051
fedavg,1338,5613.97242803,0.4013
fedavg,1338,5613.972949863,0.4013
fedavg,1338,5792.252204056,0.3912
fedavg,1338,5792.252582777,0.3912
fedavg,1338,5975.53346818,0.4075
fedavg,1338,5975.533771531,0.4075
fedavg,1338,6154.001862215,0.401
fedavg,1338,6154.002096048,0.401
fedavg,1338,6335.475964205,0.4164
fedavg,1338,6335.476248112,0.4164
fedavg,1338,6517.033888491,0.4073
fedavg,1338,6517.034491601,0.4073
fedavg,1338,6697.28056342,0.403
fedavg,1338,6697.280864012,0.403
fedavg,1338,6877.685297636,0.4168
fedavg,1338,6877.685579506,0.4168
fedavg,1338,7059.166949907,0.4157
fedavg,1338,7059.167588795,0.4157
fedavg,1338,7242.580194819,0.4082
fedavg,1338,7242.580822003,0.4082
fedavg,1338,7423.871471512,0.4184
fedavg,1338,7423.871744456,0.4184
fedavg,1338,7605.590871988,0.4046
fedavg,1338,7605.591223803,0.4046
fedavg,1338,7786.092121537,0.4204
fedavg,1338,7786.092488573,0.4204
fedavg,1338,7965.452078293,0.4024
fedavg,1338,7965.452683662,0.4024
fedavg,1338,8146.953196565,0.4013
fedavg,1338,8146.953788397,0.4013
fedavg,1338,8330.355399568,0.3946
fedavg,1338,8330.356117252,0.3946
fedavg,1338,8510.845078225,0.4119
fedavg,1338,8510.845400373,0.4119
fedavg,1338,8691.276582399,0.4149
fedavg,1338,8691.276835047,0.4149
fedavg,1338,8868.715393818,0.4141
fedavg,1338,8868.715741632,0.4141
fedavg,1338,9052.063347714,0.4284
fedavg,1338,9052.06362675,0.4284
fedavg,1338,9233.365159576,0.4249
fedavg,1338,9233.36544576,0.4249
fedbuff,1338,89.032212009,0.1078
fedbuff,1338,204.623488745,0.2348
fedbuff,1338,204.623763411,0.2348
fedbuff,1338,247.361211059,0.2023
fedbuff,1338,247.361799743,0.2023
fedbuff,1338,290.269540892,0.2408
fedbuff,1338,290.270140909,0.2408
fedbuff,1338,332.877009289,0.2875
fedbuff,1338,332.877611788,0.2875
fedbuff,1338,393.162724027,0.302
fedbuff,1338,393.163050989,0.302
fedbuff,1338,435.977839522,0.3169
fedbuff,1338,435.97818791,0.3169
fedbuff,1338,478.447079782,0.3191
fedbuff,1338,478.447401263,0.3191
fedbuff,1338,521.009649503,0.3333
fedbuff,1338,521.010248594,0.3333
fedbuff,1338,563.773849295,0.3417
fedbuff,1338,563.774144276,0.3417
fedbuff,1338,606.53878812,0.3458
fedbuff,1338,606.539346526,0.3458
fedbuff,1338,649.71418418,0.3506
fedbuff,1338,649.714524605,0.3506
fedbuff,1338,692.333427413,0.3526
fedbuff,1338,692.33392019,0.3526
fedbuff,1338,734.889487527,0.354
fedbuff,1338,734.890015562,0.354
fedbuff,1338,788.630141059,0.3569
fedbuff,1338,788.630700651,0.3569
fedbuff,1338,831.479407524,0.3616
fedbuff,1338,831.479747986,0.3616
fedbuff,1338,873.830141715,0.3627
fedbuff,1338,873.830378455,0.3627
fedbuff,1338,916.715611087,0.3667
fedbuff,1338,916.715894976,0.3667
fedbuff,1338,959.749937654,0.3694
fedbuff,1338,959.750278876,0.3694
fedbuff,1338,1002.520498124,0.3701
fedbuff,1338,1002.521027086,0.3701
fedbuff,1338,1045.301773303,0.3726
fedbuff,1338,1045.302038339,0.3726
fedbuff,1338,1088.004679957,0.374
fedbuff,1338,1088.0052189,0.374
fedbuff,1338,1130.704331059,0.3753
fedbuff,1338,1130.704535874,0.3753
fedbuff,1338,1173.420584168,0.3766
fedbuff,1338,1173.420898074,0.3766
fedbuff,1338,1216.354194496,0.3774
fedbuff,1338,1216.354795254,0.3774
fedbuff,1338,1258.75590805,0.3787
fedbuff,1338,1258.756475086,0.3787
fedbuff,1338,1320.15303352,0.3798
fedbuff,1338,1320.15344226,0.3798
fedbuff,1338,1362.871887952,0.3809
fedbuff,1338,1362.872163785,0.3809
fedbuff,1338,1405.083912357,0.3812
fedbuff,1338,1405.084263393,0.3812
fedbuff,1338,1447.74077816,0.3819
fedbuff,1338,1447.741038049,0.3819
fedbuff,1338,1490.525065157,0.3834
fedbuff,1338,1490.525300509,0.3834
fedbuff,1338,1533.422077432,0.3841
fedbuff,1338,1533.422402617,0.3841
fedbuff,1338,1576.151871871,0.385
fedbuff,1338,1576.152103926,0.385
fedbuff,1338,1618.758140294,0.3848
fedbuff,1338,1618.758370794,0.3848
fedbuff,1338,1661.259424187,0.3865
fedbuff,1338,1661.260056908,0.3865
fedbuff,1338,1704.094699241,0.3855
fedbuff,1338,1704.095304573,0.3855
fedbuff,1338,1746.103437246,0.3868
fedbuff,1338,1746.10400793,0.3868
fedbuff,1338,1788.623580436,0.3886
fedbuff,1338,1788.624088287,0.3886
fedbuff,1338,1831.366550266,0.3904
fedbuff,1338,1831.366838766,0.3904
fedbuff,1338,1873.981676341,0.3908
fedbuff,1338,1873.98227508,0.3908
fedbuff,1338,1916.475821431,0.3898
fedbuff,1338,1916.476048968,0.3898
fedbuff,1338,1978.95890936,0.3911
fedbuff,1338,1978.959171229,0.3911
fedbuff,1338,2021.67450056,0.3929
fedbuff,1338,2021.674754597,0.3929
fedbuff,1338,2064.280430098,0.3933
fedbuff,1338,2064.280734338,0.3933
fedbuff,1338,2107.035543228,0.3931
fedbuff,1338,2107.036022412,0.3931
fedbuff,1338,2149.819061038,0.3941
fedbuff,1338,2149.819287075,0.3941
fedbuff,1338,2192.692001509,0.3936
fedbuff,1338,2192.692553379,0.3936
fedbuff,1338,2235.246572918,0.3967
fedbuff,1338,2235.246778862,0.3967
fedbuff,1338,2277.934745853,0.3975
fedbuff,1338,2277.93501113,0.3975
fedbuff,1338,2320.9293239,0.3975
fedbuff,1338,2320.929531714,0.3975
fedbuff,1338,2363.702709884,0.3977
fedbuff,1338,2363.703041309,0.3977
fedbuff,1338,2406.507259921,0.3984
fedbuff,1338,2406.507481513,0.3984
fedbuff,1338,2449.322721972,0.3998
fedbuff,1338,2449.323031082,0.3998
fedbuff,1338,2492.106908745,0.3993
fedbuff,1338,2492.107167355,0.3993
fedbuff,1338,2534.884741277,0.4011
fedbuff,1338,2534.885395572,0.4011
fedbuff,1338,2577.661812811,0.4011
fedbuff,1338,2577.662396476,0.4011
fedbuff,1338,2620.384102981,0.4025
fedbuff,1338,2620.38437361,0.4025
fedbuff,1338,2662.968286277,0.403
fedbuff,1338,2662.968558573,0.403
fedbuff,1338,2705.675353359,0.4025
fedbuff,1338,2705.675689044,0.4025
fedbuff,1338,2748.39645245,0.4034
fedbuff,1338,2748.397100078,0.4034
fedbuff,1338,2791.326700798,0.4037
fedbuff,1338,2791.327362055,0.4037
fedbuff,1338,2834.066040113,0.4048
fedbuff,1338,2834.06635076,0.4048
fedbuff,1338,2876.997288473,0.4045
fedbuff,1338,2876.997625157,0.4045
fedbuff,1338,2919.961354311,0.4058
fedbuff,1338,2919.961590366,0.4058
fedbuff,1338,2962.672133389,0.4061
fedbuff,1338,2962.672683314,0.4061
fedbuff,1338,3005.353802655,0.4058
fedbuff,1338,3005.354048691,0.4058
fedbuff,1338,3048.156568015,0.406
fedbuff,1338,3048.156865496,0.406
fedbuff,1338,3090.731322728,0.407
fedbuff,1338,3090.73189793,0.407
fedbuff,1338,3133.652787722,0.4066
fedbuff,1338,3133.653016777,0.4066
fedbuff,1338,3176.229550013,0.407
fedbuff,1338,3176.229795587,0.407
fedbuff,1338,3219.004227242,0.4065
fedbuff,1338,3219.004647501,0.4065
fedbuff,1338,3261.95294931,0.4072
fedbuff,1338,3261.953303921,0.4072
fedbuff,1338,3304.550646828,0.4084
fedbuff,1338,3304.551032679,0.4084
fedbuff,1338,3347.197692061,0.4072
fedbuff,1338,3347.198288855,0.4072
fedbuff,1338,3390.118276197,0.4092
fedbuff,1338,3390.118527826,0.4092
fedbuff,1338,3432.78953084,0.4095
fedbuff,1338,3432.790070505,0.4095
fedbuff,1338,3475.58505686,0.4086
fedbuff,1338,3475.585307137,0.4086
fedbuff,1338,3518.381056545,0.4093
fedbuff,1338,3518.381371415,0.4093
fedbuff,1338,3561.078108719,0.4091
fedbuff,1338,3561.07834344,0.4091
fedbuff,1338,3603.862199724,0.409
fedbuff,1338,3603.862478094,0.409
fedbuff,1338,3646.776531299,0.4096
fedbuff,1338,3646.776783483,0.4096
fedbuff,1338,3689.460852338,0.4105
fedbuff,1338,3689.461105855,0.4105
fedbuff,1338,3732.218039709,0.4096
fedbuff,1338,3732.218354171,0.4096
fedbuff,1338,3774.93861009,0.409
fedbuff,1338,3774.939109811,0.409
fedbuff,1338,3817.627779764,0.4092
fedbuff,1338,3817.628040727,0.4092
fedbuff,1338,3860.472077238,0.4095
fedbuff,1338,3860.472311719,0.4095
fedbuff,1338,3903.100445333,0.41
fedbuff,1338,3903.100743444,0.41
fedbuff,1338,3945.497625632,0.4102
fedbuff,1338,3945.498237278,0.4102
fedbuff,1338,3988.202407962,0.4103
fedbuff,1338,3988.20275711,0.4103
fedbuff,1338,4030.86158339,0.4107
fedbuff,1338,4030.861810759,0.4107
fedbuff,1338,4073.574507777,0.4112
fedbuff,1338,4073.574893924,0.4112
fedbuff,1338,4116.434942798,0.4104
fedbuff,1338,4116.435253538,0.4104
fedbuff,1338,4159.335659619,0.4113
fedbuff,1338,4159.335957044,0.4113
fedbuff,1338,4202.05680417,0.4112
fedbuff,1338,4202.057449891,0.4112
fedbuff,1338,4244.802621615,0.4113
fedbuff,1338,4244.802899837,0.4113
fedbuff,1338,4287.59440887,0.4121
fedbuff,1338,4287.594697277,0.4121
fedbuff,1338,4330.63906529,0.4125
fedbuff,1338,4330.639648714,0.4125
fedbuff,1338,4373.603176778,0.4119
fedbuff,1338,4373.603453203,0.4119
fedbuff,1338,4416.340367247,0.4122
fedbuff,1338,4416.341028542,0.4122
fedbuff,1338,4477.163582307,0.4128
fedbuff,1338,4477.16412325,0.4128
fedbuff,1338,4520.0121516,0.4128
fedbuff,1338,4520.012765635,0.4128
fedbuff,1338,4562.769397614,0.4126
fedbuff,1338,4562.770013094,0.4126
fedbuff,1338,4605.904848067,0.4134
fedbuff,1338,4605.905146103,0.4134
fedbuff,1338,4648.541379898,0.4131
fedbuff,1338,4648.542119526,0.4131
fedbuff,1338,4691.524947269,0.4127
fedbuff,1338,4691.525190676,0.4127
fedbuff,1338,4734.351144616,0.4144
fedbuff,1338,4734.351589929,0.4144
fedbuff,1338,4777.118914239,0.4147
fedbuff,1338,4777.119540404,0.4147
fedbuff,1338,4819.911060501,0.4149
fedbuff,1338,4819.911392574,0.4149
fedbuff,1338,4862.507721188,0.4139
fedbuff,1338,4862.508026742,0.4139
fedbuff,1338,4905.267890081,0.4145
fedbuff,1338,4905.268546246,0.4145
fedbuff,1338,4947.968484423,0.4139
fedbuff,1338,4947.969134385,0.4139
fedbuff,1338,4990.668355175,0.414
fedbuff,1338,4990.668666415,0.414
fedbuff,1338,5033.518560631,0.4138
fedbuff,1338,5033.518881074,0.4138
fedbuff,1338,5076.262621478,0.4143
fedbuff,1338,5076.26301157,0.4143
fedbuff,1338,5119.088500711,0.4141
fedbuff,1338,5119.088850858,0.4141
fedbuff,1338,5161.84740009,0.4152
fedbuff,1338,5161.847714664,0.4152
fedbuff,1338,5204.7506231,0.4154
fedbuff,1338,5204.751186247,0.4154
fedbuff,1338,5247.622030602,0.4158
fedbuff,1338,5247.622690544,0.4158
fedbuff,1338,5290.483331499,0.4159
fedbuff,1338,5290.483636998,0.4159
fedbuff,1338,5333.373430808,0.4159
fedbuff,1338,5333.373754604,0.4159
fedbuff,1338,5376.125222593,0.4161
fedbuff,1338,5376.125421426,0.4161
fedbuff,1338,5418.70729472,0.4164
fedbuff,1338,5418.707798478,0.4164
fedbuff,1338,5461.472787325,0.4165
fedbuff,1338,5461.47313799,0.4165
fedbuff,1338,5504.326818806,0.4166
fedbuff,1338,5504.327454175,0.4166
fedbuff,1338,5546.969951137,0.4167
fedbuff,1338,5546.970209062,0.4167
fedbuff,1338,5589.741621141,0.4165
fedbuff,1338,5589.741827826,0.4165
fedbuff,1338,5632.478379007,0.4169
fedbuff,1338,5632.478675988,0.4169
fedbuff,1338,5675.448201628,0.4172
fedbuff,1338,5675.448418349,0.4172
fedbuff,1338,5718.295215243,0.4173
fedbuff,1338,5718.295466075,0.4173
fedbuff,1338,5760.860895474,0.4175
fedbuff,1338,5760.861355621,0.4175
fedbuff,1338,5803.713142548,0.4177
fedbuff,1338,5803.713719176,0.4177
fedbuff,1338,5846.694843639,0.4177
fedbuff,1338,5846.695093083,0.4177
fedbuff,1338,5889.346055905,0.418
fedbuff,1338,5889.346626163,0.418
fedbuff,1338,5932.082774991,0.4184
fedbuff,1338,5932.083112916,0.4184
fedbuff,1338,5975.045444467,0.4182
fedbuff,1338,5975.045717744,0.4182
fedbuff,1338,6017.976041158,0.419
fedbuff,1338,6017.976274009,0.419
fedbuff,1338,6060.698889073,0.4195
fedbuff,1338,6060.699208832,0.4195
fedbuff,1338,6121.360174629,0.4191
fedbuff,1338,6121.360504777,0.4191
fedbuff,1338,6164.256446033,0.4195
fedbuff,1338,6164.256884847,0.4195
fedbuff,1338,6206.818592045,0.4201
fedbuff,1338,6206.818930285,0.4201
fedbuff,1338,6249.673958409,0.4197
fedbuff,1338,6249.674590055,0.4197
fedbuff,1338,6292.525204552,0.4202
fedbuff,1338,6292.525709273,0.4202
fedbuff,1338,6335.45464145,0.4207
fedbuff,1338,6335.454873431,0.4207
fedbuff,1338,6378.073331502,0.4208
fedbuff,1338,6378.073675834,0.4208
fedbuff,1338,6420.874611045,0.4212
fedbuff,1338,6420.87494923,0.4212
fedbuff,1338,6480.447368193,0.4215
fedbuff,1338,6480.447821766,0.4215
fedbuff,1338,6523.379237812,0.4211
fedbuff,1338,6523.37984631,0.4211
fedbuff,1338,6566.156780752,0.4214
fedbuff,1338,6566.157386065,0.4214
fedbuff,1338,6609.026428806,0.4217
fedbuff,1338,6609.02679362,0.4217
fedbuff,1338,6651.831344487,0.422
fedbuff,1338,6651.831846541,0.422
fedbuff,1338,6703.572580066,0.4216
fedbuff,1338,6703.572915954,0.4216
fedstaleweight,1338,91.384326551,0.0965
fedstaleweight,1338,203.029248317,0.2551
fedstaleweight,1338,203.02953852,0.2551
fedstaleweight,1338,245.580234849,0.2332
fedstaleweight,1338,245.580579811,0.2332
fedstaleweight,1338,287.927766112,0.2371
fedstaleweight,1338,287.928353241,0.2371
fedstaleweight,1338,330.72625856,0.2657
fedstaleweight,1338,330.726933188,0.2657
fedstaleweight,1338,373.323013605,0.3148
fedstaleweight,1338,373.32334403,0.3148
fedstaleweight,1338,415.984790027,0.3224
fedstaleweight,1338,415.985447341,0.3224
fedstaleweight,1338,458.750764524,0.3307
fedstaleweight,1338,458.751123061,0.3307
fedstaleweight,1338,501.465645967,0.3323
fedstaleweight,1338,501.465994151,0.3323
fedstaleweight,1338,544.184081814,0.3314
fedstaleweight,1338,544.184686591,0.3314
fedstaleweight,1338,586.846962826,0.3458
fedstaleweight,1338,586.847478029,0.3458
fedstaleweight,1338,629.362093634,0.3509
fedstaleweight,1338,629.362697448,0.3509
fedstaleweight,1338,672.116899539,0.3574
fedstaleweight,1338,672.11721476,0.3574
fedstaleweight,1338,714.82573387,0.3606
fedstaleweight,1338,714.826040591,0.3606
fedstaleweight,1338,757.09716739,0.3611
fedstaleweight,1338,757.097520092,0.3611
fedstaleweight,1338,799.69330656,0.3634
fedstaleweight,1338,799.693500337,0.3634
fedstaleweight,1338,842.476085118,0.3658
fedstaleweight,1338,842.476643819,0.3658
fedstaleweight,1338,885.149650817,0.3666
fedstaleweight,1338,885.150214741,0.3666
fedstaleweight,1338,927.915353938,0.3706
fedstaleweight,1338,927.915637547,0.3706
fedstaleweight,1338,970.572401779,0.3761
fedstaleweight,1338,970.573029184,0.3761
fedstaleweight,1338,1013.131228067,0.3763
fedstaleweight,1338,1013.131588861,0.3763
fedstaleweight,1338,1055.981612213,0.3757
fedstaleweight,1338,1055.982242599,0.3757
fedstaleweight,1338,1098.529431589,0.3727
fedstaleweight,1338,1098.529665106,0.3727
fedstaleweight,1338,1161.095988946,0.3759
fedstaleweight,1338,1161.096655721,0.3759
fedstaleweight,1338,1203.904024301,0.376
fedstaleweight,1338,1203.904475744,0.376
fedstaleweight,1338,1246.365664411,0.3813
fedstaleweight,1338,1246.366239761,0.3813
fedstaleweight,1338,1288.898128313,0.3821
fedstaleweight,1338,1288.898733552,0.3821
fedstaleweight,1338,1349.260124615,0.3856
fedstaleweight,1338,1349.260412355,0.3856
fedstaleweight,1338,1391.881545157,0.3851
fedstaleweight,1338,1391.881782157,0.3851
fedstaleweight,1338,1434.172186512,0.3868
fedstaleweight,1338,1434.17255001,0.3868
fedstaleweight,1338,1476.663613694,0.3888
fedstaleweight,1338,1476.663821378,0.3888
fedstaleweight,1338,1519.318864628,0.3871
fedstaleweight,1338,1519.319167053,0.3871
fedstaleweight,1338,1561.996053198,0.3851
fedstaleweight,1338,1561.996537752,0.3851
fedstaleweight,1338,1604.659722371,0.3865
fedstaleweight,1338,1604.660300351,0.3865
fedstaleweight,1338,1647.67072247,0.3901
fedstaleweight,1338,1647.67133532,0.3901
fedstaleweight,1338,1690.475298083,0.3921
fedstaleweight,1338,1690.475593063,0.3921
fedstaleweight,1338,1732.912230542,0.392
fedstaleweight,1338,1732.912593096,0.392
fedstaleweight,1338,1775.612730378,0.3907
fedstaleweight,1338,1775.613038988,0.3907
fedstaleweight,1338,1818.240874219,0.3911
fedstaleweight,1338,1818.241207569,0.3911
fedstaleweight,1338,1860.933650273,0.3914
fedstaleweight,1338,1860.933922735,0.3914
fedstaleweight,1338,1903.460951143,0.3942
fedstaleweight,1338,1903.461432457,0.3942
fedstaleweight,1338,1946.142969889,0.3966
fedstaleweight,1338,1946.143273796,0.3966
fedstaleweight,1338,1988.789162615,0.3985
fedstaleweight,1338,1988.789800316,0.3985
fedstaleweight,1338,2031.48867221,0.3977
fedstaleweight,1338,2031.489280005,0.3977
fedstaleweight,1338,2074.403331935,0.3978
fedstaleweight,1338,2074.403604249,0.3978
fedstaleweight,1338,2117.117029197,0.3984
fedstaleweight,1338,2117.117344973,0.3984
fedstaleweight,1338,2159.695050134,0.4004
fedstaleweight,1338,2159.695286096,0.4004
fedstaleweight,1338,2202.347542968,0.4017
fedstaleweight,1338,2202.347778189,0.4017
fedstaleweight,1338,2245.176837972,0.4012
fedstaleweight,1338,2245.17754747,0.4012
fedstaleweight,1338,2287.921697689,0.4036
fedstaleweight,1338,2287.921878559,0.4036
fedstaleweight,1338,2330.430938722,0.4036
fedstaleweight,1338,2330.431286258,0.4036
fedstaleweight,1338,2373.199872469,0.4028
fedstaleweight,1338,2373.200135635,0.4028
fedstaleweight,1338,2415.87949197,0.4045
fedstaleweight,1338,2415.879792802,0.4045
fedstaleweight,1338,2458.57781455,0.4065
fedstaleweight,1338,2458.578055031,0.4065
fedstaleweight,1338,2501.347220405,0.407
fedstaleweight,1338,2501.347482052,0.407
fedstaleweight,1338,2544.030430277,0.4067
fedstaleweight,1338,2544.030697999,0.4067
fedstaleweight,1338,2586.867364458,0.4101
fedstaleweight,1338,2586.867558513,0.4101
fedstaleweight,1338,2629.804153694,0.4127
fedstaleweight,1338,2629.804480156,0.4127
fedstaleweight,1338,2672.419518744,0.4156
fedstaleweight,1338,2672.420099668,0.4156
fedstaleweight,1338,2714.729487726,0.4158
fedstaleweight,1338,2714.729873633,0.4158
fedstaleweight,1338,2757.514009453,0.4199
fedstaleweight,1338,2757.514228101,0.4199
fedstaleweight,1338,2800.090978658,0.4193
fedstaleweight,1338,2800.091524472,0.4193
fedstaleweight,1338,2842.938376735,0.4197
fedstaleweight,1338,2842.938615308,0.4197
fedstaleweight,1338,2885.691410678,0.4162
fedstaleweight,1338,2885.691979529,0.4162
fedstaleweight,1338,2928.259130808,0.4144
fedstaleweight,1338,2928.259789122,0.4144
fedstaleweight,1338,2970.983469514,0.4188
fedstaleweight,1338,2970.984065512,0.4188
fedstaleweight,1338,3013.717211634,0.4183
fedstaleweight,1338,3013.71770254,0.4183
fedstaleweight,1338,3056.418234297,0.4159
fedstaleweight,1338,3056.418563093,0.4159
fedstaleweight,1338,3099.208906586,0.4192
fedstaleweight,1338,3099.209130233,0.4192
fedstaleweight,1338,3141.904854564,0.4206
fedstaleweight,1338,3141.905081841,0.4206
fedstaleweight,1338,3184.698635854,0.4235
fedstaleweight,1338,3184.698930816,0.4235
fedstaleweight,1338,3227.252793897,0.4217
fedstaleweight,1338,3227.253117933,0.4217
fedstaleweight,1338,3269.662803675,0.4268
fedstaleweight,1338,3269.663039063,0.4268
fedstaleweight,1338,3312.474772958,0.4252
fedstaleweight,1338,3312.475475864,0.4252
fedstaleweight,1338,3355.248437623,0.4274
fedstaleweight,1338,3355.249101715,0.4274
fedstaleweight,1338,3398.24621224,0.4247
fedstaleweight,1338,3398.246884313,0.4247
fedstaleweight,1338,3440.978078459,0.4265
fedstaleweight,1338,3440.978713328,0.4265
fedstaleweight,1338,3483.759213993,0.4252
fedstaleweight,1338,3483.7594674,0.4252
fedstaleweight,1338,3526.681093692,0.4253
fedstaleweight,1338,3526.68126271,0.4253
fedstaleweight,1338,3569.380909319,0.4231
fedstaleweight,1338,3569.381257578,0.4231
fedstaleweight,1338,3612.001551105,0.4295
fedstaleweight,1338,3612.001856216,0.4295
fedstaleweight,1338,3666.442748614,0.4302
fedstaleweight,1338,3666.443360946,0.4302
fedstaleweight,1338,3709.224213363,0.4307
fedstaleweight,1338,3709.224826584,0.4307
fedstaleweight,1338,3751.746168131,0.4296
fedstaleweight,1338,3751.746462927,0.4296
fedstaleweight,1338,3794.619974021,0.4276
fedstaleweight,1338,3794.620576075,0.4276
fedstaleweight,1338,3837.463605785,0.4273
fedstaleweight,1338,3837.464213487,0.4273
fedstaleweight,1338,3880.049449407,0.4284
fedstaleweight,1338,3880.049769369,0.4284
fedstaleweight,1338,3922.782152185,0.4307
fedstaleweight,1338,3922.782317295,0.4307
fedstaleweight,1338,3965.592495679,0.4302
fedstaleweight,1338,3965.593199807,0.4302
fedstaleweight,1338,4008.532571464,0.4324
fedstaleweight,1338,4008.532919389,0.4324
fedstaleweight,1338,4051.514089757,0.435
fedstaleweight,1338,4051.514395849,0.435
fedstaleweight,1338,4094.345887868,0.4347
fedstaleweight,1338,4094.346111386,0.4347
fedstaleweight,1338,4136.860772774,0.4323
fedstaleweight,1338,4136.861035199,0.4323
fedstaleweight,1338,4179.82546168,0.4304
fedstaleweight,1338,4179.82578392,0.4304
fedstaleweight,1338,4222.836495034,0.4328
fedstaleweight,1338,4222.837179459,0.4328
fedstaleweight,1338,4265.348789247,0.4317
fedstaleweight,1338,4265.349124913,0.4317
fedstaleweight,1338,4308.054829177,0.4355
fedstaleweight,1338,4308.055054843,0.4355
fedstaleweight,1338,4351.066768906,0.4328
fedstaleweight,1338,4351.067383812,0.4328
fedstaleweight,1338,4393.808521683,0.4366
fedstaleweight,1338,4393.809104163,0.4366
fedstaleweight,1338,4436.516311903,0.4347
fedstaleweight,1338,4436.516584106,0.4347
fedstaleweight,1338,4479.251385779,0.4361
fedstaleweight,1338,4479.251943074,0.4361
fedstaleweight,1338,4521.836995242,0.4359
fedstaleweight,1338,4521.837315945,0.4359
fedstaleweight,1338,4564.500753351,0.4342
fedstaleweight,1338,4564.501353646,0.4342
fedstaleweight,1338,4607.265286966,0.439
fedstaleweight,1338,4607.265627946,0.439
fedstaleweight,1338,4649.98701056,0.4377
fedstaleweight,1338,4649.987585633,0.4377
fedstaleweight,1338,4692.857681243,0.4386
fedstaleweight,1338,4692.858306722,0.4386
fedstaleweight,1338,4735.402940081,0.4356
fedstaleweight,1338,4735.403425246,0.4356
fedstaleweight,1338,4778.104437842,0.4365
fedstaleweight,1338,4778.104706898,0.4365
fedstaleweight,1338,4820.985336994,0.4398
fedstaleweight,1338,4820.985664364,0.4398
fedstaleweight,1338,4863.813495846,0.442
fedstaleweight,1338,4863.814098641,0.442
fedstaleweight,1338,4906.519511281,0.4426
fedstaleweight,1338,4906.520081225,0.4426
fedstaleweight,1338,4949.351818149,0.441
fedstaleweight,1338,4949.352409666,0.441
fedstaleweight,1338,4992.191849165,0.4398
fedstaleweight,1338,4992.192125165,0.4398
fedstaleweight,1338,5035.424734644,0.4424
fedstaleweight,1338,5035.425249254,0.4424
fedstaleweight,1338,5078.157055235,0.4415
fedstaleweight,1338,5078.157357105,0.4415
fedstaleweight,1338,5120.932149524,0.4417
fedstaleweight,1338,5120.932428671,0.4417
fedstaleweight,1338,5163.784961262,0.4405
fedstaleweight,1338,5163.785572205,0.4405
fedstaleweight,1338,5206.793805,0.4434
fedstaleweight,1338,5206.794400147,0.4434
fedstaleweight,1338,5249.490772633,0.4463
fedstaleweight,1338,5249.49134128,0.4463
fedstaleweight,1338,5311.288105476,0.4462
fedstaleweight,1338,5311.288766289,0.4462
fedstaleweight,1338,5354.093045074,0.4478
fedstaleweight,1338,5354.093269388,0.4478
fedstaleweight,1338,5396.74783577,0.4473
fedstaleweight,1338,5396.748186065,0.4473
fedstaleweight,1338,5439.549559683,0.448
fedstaleweight,1338,5439.549786349,0.448
fedstaleweight,1338,5482.575327888,0.4435
fedstaleweight,1338,5482.575771369,0.4435
fedstaleweight,1338,5525.231788019,0.447
fedstaleweight,1338,5525.232087907,0.447
fedstaleweight,1338,5567.995443915,0.4481
fedstaleweight,1338,5567.995759618,0.4481
fedstaleweight,1338,5610.668221111,0.4453
fedstaleweight,1338,5610.668445406,0.4453
fedstaleweight,1338,5653.381513187,0.4473
fedstaleweight,1338,5653.382113908,0.4473
fedstaleweight,1338,5696.19306495,0.4488
fedstaleweight,1338,5696.193283246,0.4488
fedstaleweight,1338,5738.863897197,0.4457
fedstaleweight,1338,5738.864132863,0.4457
fedstaleweight,1338,5781.570632534,0.4506
fedstaleweight,1338,5781.570965996,0.4506
fedstaleweight,1338,5824.585891051,0.4492
fedstaleweight,1338,5824.586228753,0.4492
fedstaleweight,1338,5867.471476171,0.4521
fedstaleweight,1338,5867.471821207,0.4521
fedstaleweight,1338,5910.706320083,0.4531
fedstaleweight,1338,5910.706989304,0.4531
fedstaleweight,1338,5953.55137688,0.4545
fedstaleweight,1338,5953.551971045,0.4545
fedstaleweight,1338,5996.462841912,0.4528
fedstaleweight,1338,5996.463052855,0.4528
fedstaleweight,1338,6039.310122612,0.4554
fedstaleweight,1338,6039.310696832,0.4554
fedstaleweight,1338,6082.122802315,0.4529
fedstaleweight,1338,6082.123056537,0.4529
fedstaleweight,1338,6124.927674233,0.4542
fedstaleweight,1338,6124.927924529,0.4542
fedstaleweight,1338,6167.917235737,0.4541
fedstaleweight,1338,6167.917592254,0.4541
fedstaleweight,1338,6210.681744523,0.4536
fedstaleweight,1338,6210.68200917,0.4536
fedstaleweight,1338,6253.55637331,0.4537
fedstaleweight,1338,6253.556700976,0.4537
fedstaleweight,1338,6296.468082459,0.4556
fedstaleweight,1338,6296.468349273,0.4556
fedstaleweight,1338,6339.259778018,0.4554
fedstaleweight,1338,6339.260036462,0.4554
fedstaleweight,1338,6382.085169933,0.4542
fedstaleweight,1338,6382.085447414,0.4542
fedstaleweight,1338,6424.813189964,0.4553
fedstaleweight,1338,6424.813776407,0.4553
fedstaleweight,1338,6467.43642975,0.4571
fedstaleweight,1338,6467.436750175,0.4571
fedstaleweight,1338,6510.21479328,0.4551
fedstaleweight,1338,6510.215013131,0.4551
fedstaleweight,1338,6553.058890154,0.4563
fedstaleweight,1338,6553.05916945,0.4563
fedstaleweight,1338,6595.98339712,0.4564
fedstaleweight,1338,6595.983984507,0.4564
fedstaleweight,1338,6638.795545758,0.4567
fedstaleweight,1338,6638.796165035,0.4567
fedavg,1339,165.615671323,0.1092
fedavg,1339,389.650873685,0.1605
fedavg,1339,389.65118761,0.1605
fedavg,1339,569.779101635,0.2001
fedavg,1339,569.779734356,0.2001
fedavg,1339,750.745954964,0.2241
fedavg,1339,750.746566167,0.2241
fedavg,1339,930.892573349,0.1742
fedavg,1339,930.893164182,0.1742
fedavg,1339,1110.89765359,0.2302
fedavg,1339,1110.897921811,0.2302
fedavg,1339,1291.313708282,0.2277
fedavg,1339,1291.314013022,0.2277
fedavg,1339,1472.433795472,0.218
fedavg,1339,1472.434085898,0.218
fedavg,1339,1652.550799256,0.2145
fedavg,1339,1652.551352792,0.2145
fedavg,1339,1832.807767284,0.2287
fedavg,1339,1832.808069635,0.2287
fedavg,1339,2016.089935716,0.2365
fedavg,1339,2016.090595049,0.2365
fedavg,1339,2196.33199031,0.2306
fedavg,1339,2196.332043106,0.2306
fedavg,1339,2376.539796836,0.2573
fedavg,1339,2376.540061021,0.2573
fedavg,1339,2566.480700503,0.1825
fedavg,1339,2566.481164947,0.1825
fedavg,1339,2749.727380666,0.2187
fedavg,1339,2749.727934072,0.2187
fedavg,1339,2933.21172462,0.2281
fedavg,1339,2933.212297731,0.2281
fedavg,1339,3113.610512432,0.2343
fedavg,1339,3113.611165412,0.2343
fedavg,1339,3294.783334947,0.264
fedavg,1339,3294.783614724,0.264
fedavg,1339,3476.984660274,0.273
fedavg,1339,3476.985101403,0.273
fedavg,1339,3657.338687203,0.2805
fedavg,1339,3657.339030221,0.2805
fedavg,1339,3836.537848611,0.3112
fedavg,1339,3836.538477481,0.3112
fedavg,1339,4019.064944281,0.282
fedavg,1339,4019.06565476,0.282
fedavg,1339,4199.38480732,0.2969
fedavg,1339,4199.385096319,0.2969
fedavg,1339,4380.841742221,0.2934
fedavg,1339,4380.84236846,0.2934
fedavg,1339,4564.419629119,0.3082
fedavg,1339,4564.419891526,0.3082
fedavg,1339,4744.737592183,0.3484
fedavg,1339,4744.738172182,0.3484
fedavg,1339,4928.081206583,0.3382
fedavg,1339,4928.08183423,0.3382
fedavg,1339,5111.301120693,0.3325
fedavg,1339,5111.301633173,0.3325
fedavg,1339,5291.642722685,0.3499
fedavg,1339,5291.64325024,0.3499
fedavg,1339,5474.159373771,0.3459
fedavg,1339,5474.159956881,0.3459
fedavg,1339,5655.55429714,0.3721
fedavg,1339,5655.554634769,0.3721
fedavg,1339,5838.785585086,0.3333
fedavg,1339,5838.786079437,0.3333
fedavg,1339,6019.193404585,0.3381
fedavg,1339,6019.193667936,0.3381
fedavg,1339,6199.633044332,0.3566
fedavg,1339,6199.633648905,0.3566
fedavg,1339,6380.96308335,0.3303
fedavg,1339,6380.963370368,0.3303
fedavg,1339,6564.140021981,0.3529
fedavg,1339,6564.140592184,0.3529
fedavg,1339,6744.460848542,0.348
fedavg,1339,6744.46106993,0.348
fedavg,1339,6924.876459154,0.3596
fedavg,1339,6924.877028134,0.3596
fedavg,1339,7106.027530806,0.3661
fedavg,1339,7106.028116157,0.3661
fedavg,1339,7289.129231551,0.3672
fedavg,1339,7289.129492866,0.3672
fedavg,1339,7470.535561435,0.3548
fedavg,1339,7470.535858416,0.3548
fedavg,1339,7650.527920529,0.3602
fedavg,1339,7650.528196159,0.3602
fedavg,1339,7832.096599243,0.3635
fedavg,1339,7832.096876779,0.3635
fedavg,1339,8012.454074301,0.3646
fedavg,1339,8012.454335763,0.3646
fedavg,1339,8192.777010091,0.3656
fedavg,1339,8192.777300239,0.3656
fedavg,1339,8374.16930933,0.3622
fedavg,1339,8374.169568755,0.3622
fedavg,1339,8555.58385608,0.3737
fedavg,1339,8555.584416801,0.3737
fedavg,1339,8736.027140695,0.3945
fedavg,1339,8736.027736768,0.3945
fedavg,1339,8917.313210024,0.3926
fedavg,1339,8917.313552375,0.3926
fedavg,1339,9100.705803921,0.3743
fedavg,1339,9100.706193847,0.3743
fedavg,1339,9280.989775998,0.3939
fedavg,1339,9280.990367015,0.3939
fedbuff,1339,177.19664534,0.0881
fedbuff,1339,297.174966443,0.1734
fedbuff,1339,297.175228147,0.1734
fedbuff,1339,340.183540683,0.2455
fedbuff,1339,340.183828997,0.2455
fedbuff,1339,383.07226264,0.2587
fedbuff,1339,383.072486732,0.2587
fedbuff,1339,425.961154704,0.278
fedbuff,1339,425.961409241,0.278
fedbuff,1339,468.770919797,0.2809
fedbuff,1339,468.771534223,0.2809
fedbuff,1339,511.659877961,0.2865
fedbuff,1339,511.660520294,0.2865
fedbuff,1339,554.384901087,0.3002
fedbuff,1339,554.385138735,0.3002
fedbuff,1339,597.583240612,0.2989
fedbuff,1339,597.583477075,0.2989
fedbuff,1339,640.706579158,0.303
fedbuff,1339,640.706874455,0.303
fedbuff,1339,683.708369213,0.3063
fedbuff,1339,683.709015768,0.3063
fedbuff,1339,726.683906519,0.3083
fedbuff,1339,726.684552907,0.3083
fedbuff,1339,769.698623809,0.3091
fedbuff,1339,769.699272217,0.3091
fedbuff,1339,812.550891668,0.3107
fedbuff,1339,812.551554982,0.3107
fedbuff,1339,855.305605353,0.3094
fedbuff,1339,855.306232983,0.3094
fedbuff,1339,898.377622778,0.31
fedbuff,1339,898.377902259,0.31
fedbuff,1339,941.475319303,0.308
fedbuff,1339,941.475925173,0.308
fedbuff,1339,984.457714957,0.3108
fedbuff,1339,984.458271883,0.3108
fedbuff,1339,1027.63530997,0.3122
fedbuff,1339,1027.635630062,0.3122
fedbuff,1339,1070.683720269,0.3144
fedbuff,1339,1070.684075306,0.3144
fedbuff,1339,1113.859031685,0.3172
fedbuff,1339,1113.859543777,0.3172
fedbuff,1339,1156.965963885,0.3164
fedbuff,1339,1156.966299699,0.3164
fedbuff,1339,1199.918113841,0.3179
fedbuff,1339,1199.918496267,0.3179
fedbuff,1339,1243.06723684,0.3208
fedbuff,1339,1243.067768321,0.3208
fedbuff,1339,1286.250574188,0.3203
fedbuff,1339,1286.250896447,0.3203
fedbuff,1339,1329.765998143,0.3221
fedbuff,1339,1329.766471495,0.3221
fedbuff,1339,1373.09096116,0.3217
fedbuff,1339,1373.091302716,0.3217
fedbuff,1339,1416.400135101,0.3215
fedbuff,1339,1416.400781711,0.3215
fedbuff,1339,1459.523348724,0.3222
fedbuff,1339,1459.523609131,0.3222
fedbuff,1339,1502.40437627,0.3231
fedbuff,1339,1502.404722825,0.3231
fedbuff,1339,1545.315466679,0.3226
fedbuff,1339,1545.315727457,0.3226
fedbuff,1339,1588.244426677,0.3239
fedbuff,1339,1588.244780862,0.3239
fedbuff,1339,1631.210481368,0.3268
fedbuff,1339,1631.210770275,0.3268
fedbuff,1339,1674.510406777,0.3278
fedbuff,1339,1674.510676351,0.3278
fedbuff,1339,1717.913026133,0.3297
fedbuff,1339,1717.913526466,0.3297
fedbuff,1339,1761.801458486,0.3277
fedbuff,1339,1761.802051838,0.3277
fedbuff,1339,1805.539811319,0.3266
fedbuff,1339,1805.540419634,0.3266
fedbuff,1339,1849.236154272,0.327
fedbuff,1339,1849.236474732,0.327
fedbuff,1339,1892.886861862,0.3272
fedbuff,1339,1892.887149137,0.3272
fedbuff,1339,1936.527245839,0.3263
fedbuff,1339,1936.527570004,0.3263
fedbuff,1339,1979.778966732,0.3283
fedbuff,1339,1979.7793351,0.3283
fedbuff,1339,2022.892730812,0.3299
fedbuff,1339,2022.893047958,0.3299
fedbuff,1339,2065.928557664,0.3305
fedbuff,1339,2065.928906662,0.3305
fedbuff,1339,2109.116071783,0.3326
fedbuff,1339,2109.116563706,0.3326
fedbuff,1339,2152.258394969,0.3325
fedbuff,1339,2152.258659467,0.3325
fedbuff,1339,2195.312683206,0.3308
fedbuff,1339,2195.313223518,0.3308
fedbuff,1339,2238.517680283,0.3331
fedbuff,1339,2238.518219818,0.3331
fedbuff,1339,2281.531591619,0.3335
fedbuff,1339,2281.531913803,0.3335
fedbuff,1339,2324.552525432,0.3335
fedbuff,1339,2324.552848394,0.3335
fedbuff,1339,2367.527346805,0.335
fedbuff,1339,2367.528014932,0.335
fedbuff,1339,2420.150237056,0.3359
fedbuff,1339,2420.150885091,0.3359
fedbuff,1339,2463.172158111,0.3366
fedbuff,1339,2463.172473721,0.3366
fedbuff,1339,2506.516235876,0.3372
fedbuff,1339,2506.516882559,0.3372
fedbuff,1339,2550.152481697,0.3377
fedbuff,1339,2550.153111547,0.3377
fedbuff,1339,2593.713055253,0.3382
fedbuff,1339,2593.713407771,0.3382
fedbuff,1339,2637.380832912,0.3391
fedbuff,1339,2637.381570391,0.3391
fedbuff,1339,2680.980754637,0.3407
fedbuff,1339,2680.981076654,0.3407
fedbuff,1339,2724.757078423,0.3407
fedbuff,1339,2724.757628218,0.3407
fedbuff,1339,2768.388028532,0.3408
fedbuff,1339,2768.388431012,0.3408
fedbuff,1339,2812.030426871,0.3398
fedbuff,1339,2812.030920907,0.3398
fedbuff,1339,2855.2201526,0.3403
fedbuff,1339,2855.220737821,0.3403
fedbuff,1339,2898.633156985,0.3421
fedbuff,1339,2898.633480873,0.3421
fedbuff,1339,2942.295018267,0.3438
fedbuff,1339,2942.295580673,0.3438
fedbuff,1339,2985.965501207,0.3441
fedbuff,1339,2985.965754743,0.3441
fedbuff,1339,3029.584391816,0.3441
fedbuff,1339,3029.584948889,0.3441
fedbuff,1339,3072.670604684,0.3448
fedbuff,1339,3072.670855146,0.3448
fedbuff,1339,3115.742660491,0.3457
fedbuff,1339,3115.743022694,0.3457
fedbuff,1339,3159.216039123,0.3477
fedbuff,1339,3159.216569862,0.3477
fedbuff,1339,3202.933833267,0.3465
fedbuff,1339,3202.934384247,0.3465
fedbuff,1339,3246.445720275,0.3469
fedbuff,1339,3246.446347756,0.3469
fedbuff,1339,3306.192846755,0.3481
fedbuff,1339,3306.193356995,0.3481
fedbuff,1339,3349.282683233,0.3483
fedbuff,1339,3349.28314777,0.3483
fedbuff,1339,3392.164986958,0.3491
fedbuff,1339,3392.165485791,0.3491
fedbuff,1339,3435.170673769,0.3504
fedbuff,1339,3435.170925399,0.3504
fedbuff,1339,3478.876654214,0.3514
fedbuff,1339,3478.876891806,0.3514
fedbuff,1339,3522.506670028,0.3517
fedbuff,1339,3522.506995323,0.3517
fedbuff,1339,3566.201057297,0.3526
fedbuff,1339,3566.201386371,0.3526
fedbuff,1339,3609.935496814,0.3529
fedbuff,1339,3609.935827647,0.3529
fedbuff,1339,3653.601558976,0.3541
fedbuff,1339,3653.602062772,0.3541
fedbuff,1339,3697.376327663,0.3555
fedbuff,1339,3697.376604551,0.3555
fedbuff,1339,3741.019258099,0.3564
fedbuff,1339,3741.019509617,0.3564
fedbuff,1339,3784.597546813,0.3549
fedbuff,1339,3784.597828183,0.3549
fedbuff,1339,3828.191197045,0.3568
fedbuff,1339,3828.191423174,0.3568
fedbuff,1339,3872.134725881,0.3575
fedbuff,1339,3872.134997751,0.3575
fedbuff,1339,3915.988962916,0.356
fedbuff,1339,3915.989264895,0.356
fedbuff,1339,3959.582190456,0.3579
fedbuff,1339,3959.582530638,0.3579
fedbuff,1339,4013.510635244,0.3578
fedbuff,1339,4013.510920649,0.3578
fedbuff,1339,4056.498739098,0.3584
fedbuff,1339,4056.499128799,0.3584
fedbuff,1339,4099.477230129,0.3593
fedbuff,1339,4099.47748622,0.3593
fedbuff,1339,4142.401475545,0.3601
fedbuff,1339,4142.401835709,0.3601
fedbuff,1339,4185.48830663,0.3614
fedbuff,1339,4185.48865972,0.3614
fedbuff,1339,4228.647793928,0.3624
fedbuff,1339,4228.648037834,0.3624
fedbuff,1339,4272.22068637,0.3624
fedbuff,1339,4272.220994906,0.3624
fedbuff,1339,4315.239961428,0.3626
fedbuff,1339,4315.240300315,0.3626
fedbuff,1339,4358.359332857,0.3637
fedbuff,1339,4358.359607374,0.3637
fedbuff,1339,4401.522729306,0.3644
fedbuff,1339,4401.522960453,0.3644
fedbuff,1339,4444.50254248,0.3655
fedbuff,1339,4444.502842256,0.3655
fedbuff,1339,4487.233286176,0.3667
fedbuff,1339,4487.233802099,0.3667
fedbuff,1339,4541.452885079,0.3676
fedbuff,1339,4541.453566187,0.3676
fedbuff,1339,4584.436859458,0.366
fedbuff,1339,4584.437523011,0.366
fedbuff,1339,4627.400116775,0.3669
fedbuff,1339,4627.400697958,0.3669
fedbuff,1339,4670.557426504,0.3678
fedbuff,1339,4670.558007798,0.3678
fedbuff,1339,4713.491181425,0.3685
fedbuff,1339,4713.491887478,0.3685
fedbuff,1339,4756.464057026,0.3693
fedbuff,1339,4756.464333062,0.3693
fedbuff,1339,4799.743900509,0.3698
fedbuff,1339,4799.744280563,0.3698
fedbuff,1339,4842.559248079,0.3687
fedbuff,1339,4842.56002502,0.3687
fedbuff,1339,4885.645946092,0.3691
fedbuff,1339,4885.646585201,0.3691
fedbuff,1339,4928.644967717,0.3703
fedbuff,1339,4928.645298735,0.3703
fedbuff,1339,4971.654830354,0.3709
fedbuff,1339,4971.657107495,0.3709
fedbuff,1339,5014.610422112,0.3706
fedbuff,1339,5014.610999925,0.3706
fedbuff,1339,5057.639959808,0.3717
fedbuff,1339,5057.64028977,0.3717
fedbuff,1339,5100.681279677,0.3721
fedbuff,1339,5100.681997008,0.3721
fedbuff,1339,5143.713289888,0.3716
fedbuff,1339,5143.713847683,0.3716
fedbuff,1339,5187.257022427,0.3733
fedbuff,1339,5187.257422018,0.3733
fedbuff,1339,5230.461267392,0.3752
fedbuff,1339,5230.461692854,0.3752
fedbuff,1339,5273.537539879,0.375
fedbuff,1339,5273.537793193,0.375
fedbuff,1339,5316.910019378,0.3746
fedbuff,1339,5316.910283062,0.3746
fedbuff,1339,5360.493992137,0.3756
fedbuff,1339,5360.494370302,0.3756
fedbuff,1339,5403.481806115,0.3766
fedbuff,1339,5403.48204104,0.3766
fedbuff,1339,5446.402429436,0.3767
fedbuff,1339,5446.402756453,0.3767
fedbuff,1339,5489.321547282,0.3782
fedbuff,1339,5489.321816893,0.3782
fedbuff,1339,5532.593782265,0.3781
fedbuff,1339,5532.59401869,0.3781
fedbuff,1339,5575.568649239,0.3781
fedbuff,1339,5575.568854554,0.3781
fedbuff,1339,5628.494526081,0.3774
fedbuff,1339,5628.494842673,0.3774
fedbuff,1339,5671.794031499,0.3785
fedbuff,1339,5671.79465283,0.3785
fedbuff,1339,5714.878066657,0.3774
fedbuff,1339,5714.878704563,0.3774
fedbuff,1339,5757.751083294,0.3774
fedbuff,1339,5757.751296127,0.3774
fedbuff,1339,5809.567345624,0.3784
fedbuff,1339,5809.567684197,0.3784
fedbuff,1339,5852.625894943,0.3795
fedbuff,1339,5852.626462238,0.3795
fedbuff,1339,5895.40953424,0.3795
fedbuff,1339,5895.410124128,0.3795
fedbuff,1339,5938.844215504,0.3807
fedbuff,1339,5938.844456559,0.3807
fedbuff,1339,5982.438842323,0.3813
fedbuff,1339,5982.439139452,0.3813
fedbuff,1339,6026.231648414,0.3819
fedbuff,1339,6026.231905691,0.3819
fedbuff,1339,6069.725120206,0.3816
fedbuff,1339,6069.725408186,0.3816
fedbuff,1339,6130.643473878,0.3823
fedbuff,1339,6130.644156025,0.3823
fedbuff,1339,6173.683524748,0.3827
fedbuff,1339,6173.683837784,0.3827
fedbuff,1339,6216.634366804,0.383
fedbuff,1339,6216.634982932,0.383
fedbuff,1339,6259.861422143,0.3825
fedbuff,1339,6259.863970172,0.3825
fedbuff,1339,6302.944545314,0.383
fedbuff,1339,6302.94471824,0.383
fedbuff,1339,6346.113422409,0.3847
fedbuff,1339,6346.113670353,0.3847
fedbuff,1339,6389.241121253,0.3851
fedbuff,1339,6389.241724307,0.3851
fedbuff,1339,6432.747529868,0.3841
fedbuff,1339,6432.747806811,0.3841
fedbuff,1339,6476.422058496,0.3847
fedbuff,1339,6476.422252699,0.3847
fedbuff,1339,6519.490885033,0.3857
fedbuff,1339,6519.492998101,0.3857
fedbuff,1339,6562.938274838,0.3849
fedbuff,1339,6562.938494615,0.3849
fedbuff,1339,6606.433371656,0.3855
fedbuff,1339,6606.433975543,0.3855
fedbuff,1339,6658.497875338,0.3855
fedbuff,1339,6658.498067041,0.3855
fedbuff,1339,6701.508030117,0.3847
fedbuff,1339,6701.508371153,0.3847
fedbuff,1339,6744.753042653,0.3856
fedbuff,1339,6744.753646763,0.3856
fedbuff,1339,6788.450969835,0.3867
fedbuff,1339,6788.451230519,0.3867
fedbuff,1339,6832.190758504,0.3873
fedbuff,1339,6832.19122954,0.3873
fedstaleweight,1339,160.975027853,0.1384
fedstaleweight,1339,261.976111655,0.223
fedstaleweight,1339,261.976714746,0.223
fedstaleweight,1339,304.908755162,0.2125
fedstaleweight,1339,304.909042069,0.2125
fedstaleweight,1339,347.088751995,0.2399
fedstaleweight,1339,347.089338493,0.2399
fedstaleweight,1339,389.933247532,0.2462
fedstaleweight,1339,389.933852586,0.2462
fedstaleweight,1339,432.097260978,0.2765
fedstaleweight,1339,432.097524829,0.2765
fedstaleweight,1339,474.831342567,0.2752
fedstaleweight,1339,474.831684418,0.2752
fedstaleweight,1339,517.644300721,0.2922
fedstaleweight,1339,517.644592183,0.2922
fedstaleweight,1339,560.581314107,0.2956
fedstaleweight,1339,560.581696606,0.2956
fedstaleweight,1339,603.388919011,0.3056
fedstaleweight,1339,603.389506584,0.3056
fedstaleweight,1339,646.226958179,0.3033
fedstaleweight,1339,646.227598418,0.3033
fedstaleweight,1339,705.508783762,0.3177
fedstaleweight,1339,705.509318834,0.3177
fedstaleweight,1339,748.521389563,0.3197
fedstaleweight,1339,748.521897006,0.3197
fedstaleweight,1339,791.075370213,0.3193
fedstaleweight,1339,791.075652898,0.3193
fedstaleweight,1339,833.888082038,0.3201
fedstaleweight,1339,833.888364574,0.3201
fedstaleweight,1339,876.696877238,0.3193
fedstaleweight,1339,876.697148274,0.3193
fedstaleweight,1339,919.197158118,0.3243
fedstaleweight,1339,919.197747469,0.3243
fedstaleweight,1339,962.118270852,0.3206
fedstaleweight,1339,962.118594981,0.3206
fedstaleweight,1339,1004.980948655,0.3259
fedstaleweight,1339,1004.981209673,0.3259
fedstaleweight,1339,1048.215565667,0.3336
fedstaleweight,1339,1048.216156221,0.3336
fedstaleweight,1339,1091.86784858,0.3333
fedstaleweight,1339,1091.868496652,0.3333
fedstaleweight,1339,1135.447522455,0.3317
fedstaleweight,1339,1135.447910121,0.3317
fedstaleweight,1339,1179.047147356,0.3392
fedstaleweight,1339,1179.047703614,0.3392
fedstaleweight,1339,1222.482552188,0.3414
fedstaleweight,1339,1222.482832187,0.3414
fedstaleweight,1339,1283.85934546,0.3407
fedstaleweight,1339,1283.859980569,0.3407
fedstaleweight,1339,1326.641495511,0.3542
fedstaleweight,1339,1326.642084176,0.3542
fedstaleweight,1339,1369.311834171,0.3508
fedstaleweight,1339,1369.31241491,0.3508
fedstaleweight,1339,1411.99850001,0.351
fedstaleweight,1339,1411.99887225,0.351
fedstaleweight,1339,1454.958793604,0.3618
fedstaleweight,1339,1454.959030215,0.3618
fedstaleweight,1339,1497.860972092,0.3661
fedstaleweight,1339,1497.861172629,0.3661
fedstaleweight,1339,1540.608229677,0.3632
fedstaleweight,1339,1540.608434343,0.3632
fedstaleweight,1339,1583.795726575,0.3741
fedstaleweight,1339,1583.795962538,0.3741
fedstaleweight,1339,1627.299696192,0.3729
fedstaleweight,1339,1627.300285875,0.3729
fedstaleweight,1339,1670.719707283,0.3746
fedstaleweight,1339,1670.720036541,0.3746
fedstaleweight,1339,1714.218740855,0.3806
fedstaleweight,1339,1714.219350261,0.3806
fedstaleweight,1339,1757.474005004,0.3801
fedstaleweight,1339,1757.47433767,0.3801
fedstaleweight,1339,1818.259375638,0.3787
fedstaleweight,1339,1818.259644878,0.3787
fedstaleweight,1339,1861.121823571,0.3818
fedstaleweight,1339,1861.122036774,0.3818
fedstaleweight,1339,1903.664833665,0.39
fedstaleweight,1339,1903.665113128,0.39
fedstaleweight,1339,1946.299336319,0.3903
fedstaleweight,1339,1946.299601096,0.3903
fedstaleweight,1339,1989.271261237,0.3922
fedstaleweight,1339,1989.271499347,0.3922
fedstaleweight,1339,2032.200190255,0.3914
fedstaleweight,1339,2032.200836901,0.3914
fedstaleweight,1339,2075.119608137,0.3962
fedstaleweight,1339,2075.120057655,0.3962
fedstaleweight,1339,2118.34974218,0.4002
fedstaleweight,1339,2118.349992679,0.4002
fedstaleweight,1339,2161.880812647,0.3994
fedstaleweight,1339,2161.881176553,0.3994
fedstaleweight,1339,2205.367402488,0.4016
fedstaleweight,1339,2205.367627228,0.4016
fedstaleweight,1339,2248.758921755,0.4022
fedstaleweight,1339,2248.759182032,0.4022
fedstaleweight,1339,2292.321586939,0.4065
fedstaleweight,1339,2292.321807938,0.4065
fedstaleweight,1339,2335.891238435,0.4043
fedstaleweight,1339,2335.891926637,0.4043
fedstaleweight,1339,2379.261277582,0.4075
fedstaleweight,1339,2379.261590136,0.4075
fedstaleweight,1339,2422.908141669,0.4089
fedstaleweight,1339,2422.908720797,0.4089
fedstaleweight,1339,2466.673390913,0.412
fedstaleweight,1339,2466.674041652,0.412
fedstaleweight,1339,2510.148984865,0.4106
fedstaleweight,1339,2510.149587215,0.4106
fedstaleweight,1339,2553.493876696,0.4142
fedstaleweight,1339,2553.494331528,0.4142
fedstaleweight,1339,2596.682617562,0.4139
fedstaleweight,1339,2596.682889635,0.4139
fedstaleweight,1339,2640.226232407,0.4147
fedstaleweight,1339,2640.226484166,0.4147
fedstaleweight,1339,2683.627595047,0.4159
fedstaleweight,1339,2683.628182823,0.4159
fedstaleweight,1339,2727.083708444,0.4196
fedstaleweight,1339,2727.083928684,0.4196
fedstaleweight,1339,2770.594816967,0.4205
fedstaleweight,1339,2770.595110651,0.4205
fedstaleweight,1339,2814.060112205,0.421
fedstaleweight,1339,2814.060456741,0.421
fedstaleweight,1339,2857.441912531,0.4225
fedstaleweight,1339,2857.442205086,0.4225
fedstaleweight,1339,2900.98989633,0.4243
fedstaleweight,1339,2900.990523495,0.4243
fedstaleweight,1339,2944.571388123,0.4248
fedstaleweight,1339,2944.571731659,0.4248
fedstaleweight,1339,2988.282479869,0.4243
fedstaleweight,1339,2988.282915831,0.4243
fedstaleweight,1339,3031.943626857,0.4254
fedstaleweight,1339,3031.944347133,0.4254
fedstaleweight,1339,3075.012760368,0.4261
fedstaleweight,1339,3075.013087978,0.4261
fedstaleweight,1339,3118.512990782,0.4269
fedstaleweight,1339,3118.513282651,0.4269
fedstaleweight,1339,3162.066377565,0.427
fedstaleweight,1339,3162.066995007,0.427
fedstaleweight,1339,3205.620506766,0.4253
fedstaleweight,1339,3205.620817062,0.4253
fedstaleweight,1339,3249.043266247,0.4267
fedstaleweight,1339,3249.043910708,0.4267
fedstaleweight,1339,3292.724401214,0.4301
fedstaleweight,1339,3292.724677731,0.4301
fedstaleweight,1339,3336.139506584,0.4325
fedstaleweight,1339,3336.140146452,0.4325
fedstaleweight,1339,3379.0506892,0.4316
fedstaleweight,1339,3379.051090291,0.4316
fedstaleweight,1339,3421.909774854,0.4321
fedstaleweight,1339,3421.910234093,0.4321
fedstaleweight,1339,3464.565421299,0.4327
fedstaleweight,1339,3464.565718539,0.4327
fedstaleweight,1339,3526.174832674,0.4353
fedstaleweight,1339,3526.175132896,0.4353
fedstaleweight,1339,3568.980809607,0.4353
fedstaleweight,1339,3568.981402754,0.4353
fedstaleweight,1339,3611.491904915,0.4377
fedstaleweight,1339,3611.492606395,0.4377
fedstaleweight,1339,3654.370213489,0.437
fedstaleweight,1339,3654.370586248,0.437
fedstaleweight,1339,3708.184604947,0.4366
fedstaleweight,1339,3708.185139112,0.4366
fedstaleweight,1339,3751.158946858,0.4361
fedstaleweight,1339,3751.159214023,0.4361
fedstaleweight,1339,3794.094422991,0.4355
fedstaleweight,1339,3794.09475036,0.4355
fedstaleweight,1339,3837.28754517,0.439
fedstaleweight,1339,3837.287904206,0.439
fedstaleweight,1339,3889.880248497,0.4414
fedstaleweight,1339,3889.880504255,0.4414
fedstaleweight,1339,3932.933902354,0.4411
fedstaleweight,1339,3932.934248057,0.4411
fedstaleweight,1339,3975.85301673,0.4415
fedstaleweight,1339,3975.853294637,0.4415
fedstaleweight,1339,4035.175940828,0.4428
fedstaleweight,1339,4035.176170383,0.4428
fedstaleweight,1339,4078.370342064,0.442
fedstaleweight,1339,4078.37066784,0.442
fedstaleweight,1339,4121.095614251,0.4419
fedstaleweight,1339,4121.095860731,0.4419
fedstaleweight,1339,4163.918009079,0.4437
fedstaleweight,1339,4163.918341616,0.4437
fedstaleweight,1339,4216.581643141,0.4443
fedstaleweight,1339,4216.582020418,0.4443
fedstaleweight,1339,4259.632733854,0.445
fedstaleweight,1339,4259.633103538,0.445
fedstaleweight,1339,4302.40172919,0.4455
fedstaleweight,1339,4302.401976485,0.4455
fedstaleweight,1339,4345.185021367,0.4465
fedstaleweight,1339,4345.185247126,0.4465
fedstaleweight,1339,4388.216543022,0.4475
fedstaleweight,1339,4388.217227909,0.4475
fedstaleweight,1339,4431.241706873,0.4475
fedstaleweight,1339,4431.242277112,0.4475
fedstaleweight,1339,4474.136119106,0.4492
fedstaleweight,1339,4474.136555031,0.4492
fedstaleweight,1339,4516.977354093,0.4484
fedstaleweight,1339,4516.977635221,0.4484
fedstaleweight,1339,4560.156298835,0.4501
fedstaleweight,1339,4560.157027074,0.4501
fedstaleweight,1339,4603.137677504,0.4509
fedstaleweight,1339,4603.138275169,0.4509
fedstaleweight,1339,4645.917804632,0.4495
fedstaleweight,1339,4645.918134983,0.4495
fedstaleweight,1339,4688.827145352,0.4506
fedstaleweight,1339,4688.827599295,0.4506
fedstaleweight,1339,4732.020277357,0.4529
fedstaleweight,1339,4732.020842763,0.4529
fedstaleweight,1339,4775.069708158,0.4511
fedstaleweight,1339,4775.070378638,0.4511
fedstaleweight,1339,4818.03042825,0.452
fedstaleweight,1339,4818.030953804,0.452
fedstaleweight,1339,4860.618034245,0.4533
fedstaleweight,1339,4860.618773113,0.4533
fedstaleweight,1339,4903.67701913,0.4521
fedstaleweight,1339,4903.677328685,0.4521
fedstaleweight,1339,4946.682600043,0.4543
fedstaleweight,1339,4946.682986672,0.4543
fedstaleweight,1339,4989.690783516,0.454
fedstaleweight,1339,4989.691116867,0.454
fedstaleweight,1339,5032.689407983,0.4537
fedstaleweight,1339,5032.689662371,0.4537
fedstaleweight,1339,5075.8070806,0.4573
fedstaleweight,1339,5075.807547747,0.4573
fedstaleweight,1339,5119.312396714,0.4587
fedstaleweight,1339,5119.312770268,0.4587
fedstaleweight,1339,5162.864765771,0.4593
fedstaleweight,1339,5162.8650174,0.4593
fedstaleweight,1339,5205.73583468,0.4578
fedstaleweight,1339,5205.73643016,0.4578
fedstaleweight,1339,5248.702379142,0.4609
fedstaleweight,1339,5248.702917141,0.4609
fedstaleweight,1339,5291.752635989,0.4604
fedstaleweight,1339,5291.753026969,0.4604
fedstaleweight,1339,5334.830568758,0.4612
fedstaleweight,1339,5334.831197071,0.4612
fedstaleweight,1339,5377.626158154,0.4628
fedstaleweight,1339,5377.626556949,0.4628
fedstaleweight,1339,5420.56283174,0.4617
fedstaleweight,1339,5420.563145387,0.4617
fedstaleweight,1339,5463.64820952,0.4622
fedstaleweight,1339,5463.648542278,0.4622
fedstaleweight,1339,5506.588294451,0.4624
fedstaleweight,1339,5506.588537709,0.4624
fedstaleweight,1339,5549.632882481,0.4616
fedstaleweight,1339,5549.633124962,0.4616
fedstaleweight,1339,5592.55953721,0.4633
fedstaleweight,1339,5592.559914783,0.4633
fedstaleweight,1339,5645.999146286,0.462
fedstaleweight,1339,5645.999461415,0.462
fedstaleweight,1339,5689.039337364,0.4645
fedstaleweight,1339,5689.039799381,0.4645
fedstaleweight,1339,5731.334200959,0.4648
fedstaleweight,1339,5731.33458481,0.4648
fedstaleweight,1339,5774.025227265,0.4652
fedstaleweight,1339,5774.025821838,0.4652
fedstaleweight,1339,5824.578007741,0.4664
fedstaleweight,1339,5824.578261166,0.4664
fedstaleweight,1339,5867.677279118,0.466
fedstaleweight,1339,5867.677493747,0.466
fedstaleweight,1339,5910.539617089,0.4665
fedstaleweight,1339,5910.53987781,0.4665
fedstaleweight,1339,5953.471289354,0.4652
fedstaleweight,1339,5953.471542927,0.4652
fedstaleweight,1339,5996.472741962,0.4654
fedstaleweight,1339,5996.473036684,0.4654
fedstaleweight,1339,6039.520562804,0.4674
fedstaleweight,1339,6039.520829359,0.4674
fedstaleweight,1339,6082.533678126,0.4678
fedstaleweight,1339,6082.533918255,0.4678
fedstaleweight,1339,6125.770778018,0.4672
fedstaleweight,1339,6125.771186665,0.4672
fedstaleweight,1339,6168.871555947,0.4685
fedstaleweight,1339,6168.871891742,0.4685
fedstaleweight,1339,6211.650183696,0.4698
fedstaleweight,1339,6211.650696213,0.4698
fedstaleweight,1339,6254.638452578,0.4712
fedstaleweight,1339,6254.638720262,0.4712
fedstaleweight,1339,6297.491359557,0.4703
fedstaleweight,1339,6297.49200363,0.4703
fedstaleweight,1339,6340.506546827,0.4693
fedstaleweight,1339,6340.507922545,0.4693
fedstaleweight,1339,6383.698135717,0.4712
fedstaleweight,1339,6383.698693141,0.4712
fedstaleweight,1339,6426.788315143,0.4705
fedstaleweight,1339,6426.788905216,0.4705
fedstaleweight,1339,6469.669820017,0.472
fedstaleweight,1339,6469.670227219,0.472
fedstaleweight,1339,6512.556093568,0.4716
fedstaleweight,1339,6512.556447567,0.4716
fedstaleweight,1339,6555.724479452,0.4708
fedstaleweight,1339,6555.724801803,0.4708
fedstaleweight,1339,6598.818806534,0.4708
fedstaleweight,1339,6598.819120348,0.4708
fedstaleweight,1339,6641.785609303,0.4732
fedstaleweight,1339,6641.785842339,0.4732
fedstaleweight,1339,6684.803820269,0.4752
fedstaleweight,1339,6684.804123286,0.4752
fedstaleweight,1339,6727.644790865,0.4731
fedstaleweight,1339,6727.645481771,0.4731
fedstaleweight,1339,6770.806909093,0.4731
fedstaleweight,1339,6770.807540647,0.4731
fedstaleweight,1339,6813.79403498,0.4739
fedstaleweight,1339,6813.794706719,0.4739
